Station Code,DateTimeStamp,Monitoring Program,Rep,F_Record,PO4F,F_PO4F,TP,F_TP,NH4F,F_NH4F,NO2F,F_NO2F,NO3F,F_NO3F,NO23F,F_NO23F,DIN,F_DIN,TN,F_TN,UncCHLa_N,F_UncCHLa_N,CHLA_N,F_CHLA_N,PHEA,F_PHEA,SiO4F,F_SiO4F,TSS,F_TSS,WTEM_N,F_WTEM_N,SALT_N,F_SALT_N,DO_N,F_DO_N,PH_N,F_PH_N,TURB_N,F_TURB_N,Color,F_Color,SECCHI,F_SECCHI,IRR0_N,F_IRR0_N,IRR1_N,F_IRR1_N,Kd_N,F_Kd_N
gtmfmnut,01/13/2010 10:11,1,1,,0.016,0,0.079,0,0.031,0,0.0100,<-4> [SBL],,<-4> [SCB],0.0063,0,0.037,0,0.380,0,5.1,0,4.5,0,1.3,0,1.39,0,36.8,0,10.6,0,28.2,0,5.9,0,7.0,<0> (CSM),0.8,0,66.4,0,1.5,0,1626.0,0,203.2,0,2.080,0
gtmfmnut,01/13/2010 10:12,1,2,,0.008,0,0.059,0,0.019,0,0.0100,<-4> [SBL],,<-4> [SCB],0.0076,0,0.027,0,0.360,0,5.5,0,5.1,0,0.8,0,1.33,0,43.2,0,10.6,0,28.2,0,5.9,0,7.0,<0> (CSM),0.8,0,25.3,0,1.5,0,1626.0,0,203.2,0,2.080,0
gtmssnut,01/13/2010 12:06,1,1,,0.007,0,0.048,0,0.019,0,0.0100,<-4> [SBL],,<-4> [SCB],0.0122,0,0.031,0,0.281,0,6.3,0,5.4,0,1.9,0,0.74,0,39.6,0,10.9,0,31.7,0,10.9,0,7.0,<0> (CSM),1.2,0,15.5,0,1.5,0,1850.0,0,338.9,0,1.697,0
gtmssnut,01/13/2010 12:07,1,2,,0.006,0,0.060,0,0.023,0,0.0100,<-4> [SBL],,<-4> [SCB],0.0062,0,0.029,0,0.305,0,7.1,0,6.5,0,1.2,0,0.91,0,35.6,0,10.9,0,31.7,0,10.9,0,7.0,<0> (CSM),0.8,0,18.4,0,1.5,0,1850.0,0,338.9,0,1.697,0
gtmpinut,01/13/2010 13:26,1,1,,0.008,0,0.033,0,0.025,0,0.0100,<-4> [SBL],,<-4> [SCB],0.0115,0,0.036,0,0.167,0,1.7,0,1.6,0,0.4,0,0.65,0,32.4,0,11.4,0,32.4,0,11.4,0,7.0,<0> (CSM),0.8,0,14.6,0,2.5,0,1958.0,0,628.1,0,1.137,0
gtmpinut,01/13/2010 13:27,1,2,,0.006,0,0.040,0,0.019,0,0.0100,<-4> [SBL],,<-4> [SCB],0.0061,0,0.025,0,0.129,0,1.8,0,1.8,0,0.2,<-4> [SBL],0.85,0,53.4,0,11.4,0,32.4,0,11.4,0,7.0,<0> (CSM),0.7,0,13.7,0,2.5,0,1958.0,0,628.1,0,1.137,0
gtmpcnut,01/13/2010 15:51,1,1,,0.026,0,0.068,0,0.026,0,0.0100,<-4> [SBL],,<-4> [SCB],0.0109,0,0.037,0,0.320,0,7.1,0,6.5,0,1.2,0,5.24,0,24.2,0,11.5,0,19.4,0,6.5,0,7.0,<0> (CSM),2.1,0,32.2,0,1.2,0,660.7,0,71.1,0,2.229,0
gtmpcnut,01/13/2010 15:52,1,2,,0.027,0,0.057,0,0.046,0,0.0100,<-4> [SBL],,<-4> [SCB] (CHB),0.0105,<1> (CHB),0.056,<1> (CHB),0.256,0,6.6,0,6.5,0,0.4,0,5.16,0,18.4,0,11.5,0,19.4,0,6.5,0,7.0,<0> (CSM),1.9,0,33.0,0,1.2,0,660.7,0,71.1,0,2.229,0
gtmpcnut,01/13/2010 17:30,2,1,,0.022,0,0.052,0,0.022,0,0.0100,<-4> [SBL],,<-4> [SCB] (CHB),0.0040,<1> (CHB),0.026,<1> (CHB),0.292,0,7.4,0,7.2,0,0.7,0,4.41,0,29.0,0,,<-1>,20.0,0,,<-1>,,<-1>,2.8,0,28.8,0,,<-1>,,<-1>,,<-1>,,<-1>
gtmpcnut,01/13/2010 20:00,2,1,,0.019,0,0.071,0,0.0177,<-4> [SBL],0.0100,<-4> [SBL],,<-4> [SCB] (CHB),0.0021,<-4> [SBL] (CHB),,<-4> [SCB] (CHB),0.286,0,13.2,0,12.7,0,1.3,0,4.79,0,22.8,0,,<-1>,20.0,0,,<-1>,,<-1>,2.7,0,28.6,0,,<-1>,,<-1>,,<-1>,,<-1>
gtmpcnut,01/13/2010 22:30,2,1,,0.021,0,0.065,0,0.024,0,0.0100,<-4> [SBL],,<-4> [SCB] (CHB),0.0031,<1> (CHB),0.027,<1> (CHB),0.250,0,6.3,0,6.0,0,0.7,0,4.56,0,26.0,0,,<-1>,21.0,0,,<-1>,,<-1>,3.1,0,33.9,0,,<-1>,,<-1>,,<-1>,,<-1>
gtmpcnut,01/14/2010 01:00,2,1,,0.020,0,0.066,0,0.0177,<-4> [SBL],0.0100,<-4> [SBL],,<-4> [SCB] (CHB),0.0021,<-4> [SBL] (CHB),,<-4> [SCB] (CHB),0.240,0,10.9,0,10.6,0,0.8,0,4.24,0,22.6,0,,<-1>,21.0,0,,<-1>,,<-1>,3.4,0,30.1,0,,<-1>,,<-1>,,<-1>,,<-1>
gtmpcnut,01/14/2010 03:30,2,1,,0.024,0,0.068,0,0.034,0,0.0100,<-4> [SBL],,<-4> [SCB] (CHB),0.0029,<1> (CHB),0.037,<1> (CHB),0.304,0,10.1,0,9.9,0,0.7,0,4.51,0,22.4,0,,<-1>,21.0,0,,<-1>,,<-1>,2.3,0,29.0,0,,<-1>,,<-1>,,<-1>,,<-1>
gtmpcnut,01/14/2010 06:00,2,1,,0.024,0,0.055,0,0.042,0,0.0100,<-4> [SBL],,<-4> [SCB] (CHB),0.0037,<1> (CHB),0.046,<1> (CHB),0.253,0,4.4,0,4.2,0,0.4,0,4.45,0,24.2,0,,<-1>,21.0,0,,<-1>,,<-1>,2.3,0,30.8,0,,<-1>,,<-1>,,<-1>,,<-1>
gtmpcnut,01/14/2010 08:30,2,1,,0.021,0,0.058,0,0.035,0,0.0100,<-4> [SBL],,<-4> [SCB] (CHB),0.0030,<1> (CHB),0.038,<1> (CHB),0.152,0,5.1,0,4.7,0,0.9,0,4.34,0,21.0,0,,<-1>,20.5,0,,<-1>,,<-1>,2.5,0,28.7,0,,<-1>,,<-1>,,<-1>,,<-1>
gtmpcnut,01/14/2010 11:00,2,1,,0.022,0,0.051,0,0.037,0,0.0100,<-4> [SBL],,<-4> [SCB] (CHB),0.0029,<1> (CHB),0.040,<1> (CHB),0.224,0,4.4,0,2.4,0,3.5,0,3.72,0,27.6,0,,<-1>,22.0,0,,<-1>,,<-1>,2.8,0,28.6,0,,<-1>,,<-1>,,<-1>,,<-1>
gtmpcnut,01/14/2010 13:30,2,1,,0.019,0,0.055,0,0.028,0,0.0100,<-4> [SBL],,<-4> [SCB] (CHB),0.0021,<1> (CHB),0.030,<1> (CHB),0.256,0,5.8,0,5.6,0,0.5,0,3.03,0,26.4,0,,<-1>,24.0,0,,<-1>,,<-1>,2.6,0,26.9,0,,<-1>,,<-1>,,<-1>,,<-1>
gtmpcnut,01/14/2010 16:00,2,1,,0.020,0,0.049,0,0.025,0,0.0100,<-4> [SBL],,<-4> [SCB] (CHB),0.0027,<1> (CHB),0.028,<1> (CHB),0.246,0,4.6,0,4.2,0,0.7,0,3.40,0,22.2,0,,<-1>,23.5,0,,<-1>,,<-1>,2.6,0,25.6,0,,<-1>,,<-1>,,<-1>,,<-1>
gtmpcnut,01/14/2010 18:30,2,1,,0.022,0,0.046,0,0.036,0,0.0100,<-4> [SBL],,<-4> [SCB] (CHB),0.0031,<1> (CHB),0.039,<1> (CHB),0.268,0,3.0,0,2.9,0,0.3,0,3.25,0,22.0,0,,<-1>,23.5,0,,<-1>,,<-1>,3.1,0,32.4,0,,<-1>,,<-1>,,<-1>,,<-1>
gtmpcnut,02/15/2010 12:30,2,1,,0.013,0,0.044,0,0.0177,<-4> [SBL],0.0100,<-4> [SBL],,<-4> [SCB],0.0168,0,,<-4> [SCB],0.763,0,1.7,0,1.6,<-3> [GQD],0.4,0,6.19,0,7.7,0,,<-1>,0.0,0,,<-1>,,<-1>,3.8,0,296.3,0,,<-1>,,<-1>,,<-1>,,<-1>
gtmpcnut,02/15/2010 15:00,2,1,,0.018,0,0.039,0,0.025,0,0.0104,0,0.0111,0,0.0215,0,0.046,0,0.903,0,0.9,0,0.7,<-3> [GQD],0.4,0,6.40,0,1.3,0,,<-1>,0.0,0,,<-1>,,<-1>,3.6,0,323.4,0,,<-1>,,<-1>,,<-1>,,<-1>
gtmpcnut,02/15/2010 17:30,2,1,,0.014,0,0.035,0,0.020,0,0.0100,<-4> [SBL],,<-4> [SCB],0.0160,0,0.036,0,0.914,0,0.7,0,0.7,<-3> [GQD],0.2,<-4> [SBL],6.50,0,1.3,0,,<-1>,1.0,0,,<-1>,,<-1>,2.7,0,305.0,0,,<-1>,,<-1>,,<-1>,,<-1>
gtmpcnut,02/15/2010 20:00,2,1,,0.014,0,0.039,0,0.023,0,0.0100,<-4> [SBL],,<-4> [SCB],0.0155,0,0.038,0,0.917,0,0.6,0,0.7,<-3> [GQD],0.2,<-4> [SBL],6.98,0,2.3,0,,<-1>,1.0,0,,<-1>,,<-1>,2.7,0,305.0,0,,<-1>,,<-1>,,<-1>,,<-1>
gtmpcnut,02/15/2010 22:30,2,1,,0.016,0,0.042,0,0.024,0,0.0100,<-4> [SBL],,<-4> [SCB],0.0162,0,0.040,0,0.862,0,1.0,0,0.9,<-3> [GQD],0.2,0,6.46,0,4.0,0,,<-1>,1.0,0,,<-1>,,<-1>,4.2,0,294.4,0,,<-1>,,<-1>,,<-1>,,<-1>
gtmpcnut,02/16/2010 01:00,2,1,,0.018,0,0.038,0,0.026,0,0.0100,<-4> [SBL],,<-4> [SCB],0.0171,0,0.043,0,0.904,0,1.2,0,1.3,<-3> [GQD],0.2,<-4> [SBL],6.19,0,2.0,0,,<-1>,1.0,0,,<-1>,,<-1>,4.2,0,302.1,0,,<-1>,,<-1>,,<-1>,,<-1>
gtmpcnut,02/16/2010 03:30,2,1,,0.016,0,0.029,0,0.025,0,0.0101,0,0.0077,0,0.0178,0,0.043,0,0.877,0,0.6,0,0.7,<-3> [GQD],0.2,<-4> [SBL],7.07,0,1.3,0,,<-1>,1.0,0,,<-1>,,<-1>,3.0,0,304.1,0,,<-1>,,<-1>,,<-1>,,<-1>
gtmpcnut,02/16/2010 06:00,2,1,,0.018,0,0.036,0,0.030,0,0.0100,<-4> [SBL],,<-4> [SCB] (CHB),0.0123,<1> (CHB),0.042,<1> (CHB),0.887,0,0.6,0,0.9,<-3> [GQD],0.2,<-4> [SBL],6.81,0,1.7,0,,<-1>,1.0,0,,<-1>,,<-1>,2.4,0,294.4,0,,<-1>,,<-1>,,<-1>,,<-1>
gtmpcnut,02/16/2010 08:30,2,1,,0.017,0,0.030,0,0.025,0,0.0100,<-4> [SBL],,<-4> [SCB],0.0149,0,0.040,0,0.879,0,0.7,0,0.7,<-3> [GQD],0.2,<-4> [SBL],6.86,0,1.3,0,,<-1>,1.0,0,,<-1>,,<-1>,2.8,0,283.8,0,,<-1>,,<-1>,,<-1>,,<-1>
gtmpcnut,02/16/2010 11:00,2,1,,0.018,0,0.044,0,0.025,0,0.0100,<-4> [SBL],,<-4> [SCB],0.0188,0,0.044,0,0.880,0,1.4,0,1.3,<-3> [GQD],0.2,<-4> [SBL],7.19,0,4.0,0,,<-1>,1.0,0,,<-1>,,<-1>,4.2,0,305.0,0,,<-1>,,<-1>,,<-1>,,<-1>
gtmpinut,02/16/2010 12:01,1,1,,0.016,0,0.053,0,0.033,0,0.0100,<-4> [SBL],,<-4> [SCB],0.0117,0,0.045,0,0.465,0,6.2,0,5.6,<-3> [GQD],1.2,0,1.68,0,32.6,0,10.8,0,24.2,0,9.2,0,6.5,<0> (CSM),5.2,0,37.8,0,1.5,0,1693.0,0,297.4,0,1.739,0
gtmpinut,02/16/2010 12:02,1,2,,0.019,0,0.057,0,0.036,0,0.0100,<-4> [SBL],,<-4> [SCB],0.0164,0,0.052,0,0.448,0,6.2,0,5.1,<-3> [GQD],1.9,0,1.22,0,29.2,0,10.8,0,24.2,0,9.2,0,6.5,<0> (CSM),4.5,0,46.8,0,1.5,0,1693.0,0,297.4,0,1.739,0
gtmpcnut,02/16/2010 13:30,2,1,,0.017,0,0.032,0,0.026,0,0.0100,<-4> [SBL],,<-4> [SCB],0.0179,0,0.044,0,0.873,0,1.3,0,1.1,<-3> [GQD],0.3,0,6.52,0,5.7,0,,<-1>,1.0,0,,<-1>,,<-1>,3.9,0,274.1,0,,<-1>,,<-1>,,<-1>,,<-1>
gtmssnut,02/16/2010 13:52,1,1,,0.015,0,0.055,0,0.034,0,0.0100,<-4> [SBL],,<-4> [SCB],0.0370,0,0.071,0,0.346,0,2.9,0,2.4,<-3> [GQD],0.9,0,1.68,0,36.0,0,11.6,0,27.0,0,9.3,0,6.5,<0> (CSM),5.4,0,34.8,0,1.2,0,1636.0,0,312.3,0,1.656,0
gtmssnut,02/16/2010 13:53,1,2,,0.017,0,0.046,0,0.033,0,0.0100,<-4> [SBL],,<-4> [SCB],0.0336,0,0.066,0,0.348,0,2.7,0,2.2,<-3> [GQD],0.8,0,2.37,0,35.2,0,11.6,0,27.0,0,9.3,0,6.5,<0> (CSM),4.9,0,37.3,0,1.2,0,1636.0,0,312.3,0,1.656,0
gtmfmnut,02/16/2010 15:46,1,1,,0.007,0,0.039,0,0.021,0,0.0100,<-4> [SBL],,<-4> [SCB],0.0102,0,0.031,0,0.278,0,1.8,0,1.3,<-3> [GQD],0.9,0,1.01,0,31.2,0,11.6,0,27.6,0,8.9,0,6.5,<0> (CSM),4.9,0,33.6,0,1.2,0,1000.0,0,218.3,0,1.522,0
gtmfmnut,02/16/2010 15:47,1,2,,0.007,0,0.029,0,0.025,0,0.0100,<-4> [SBL],,<-4> [SCB],0.0085,0,0.034,0,0.248,0,1.7,0,1.1,<-3> [GQD],1.1,0,1.16,0,32.6,0,11.6,0,27.6,0,8.9,0,6.5,<0> (CSM),4.5,0,38.7,0,1.2,0,1000.0,0,218.3,0,1.522,0
gtmpcnut,02/16/2010 17:01,1,1,,0.017,0,0.039,0,0.026,0,0.0100,<-4> [SBL],,<-4> [SCB],0.0179,0,0.044,0,0.972,0,0.7,0,0.7,<-3> [GQD],0.2,<-4> [SBL],7.45,0,1.3,0,11.1,0,0.1,0,14.2,0,6.5,<0> (CSM),3.6,0,303.1,0,0.5,0,194.8,0,0.3,0,6.476,0
gtmpcnut,02/16/2010 17:02,1,2,,0.018,0,0.042,0,0.026,0,0.0100,<-4> [SBL],,<-4> [SCB],0.0164,0,0.042,0,0.969,0,0.9,0,0.9,<-3> [GQD],0.2,<-4> [SBL],6.95,0,8.3,0,11.1,0,0.1,0,14.2,0,6.5,<0> (CSM),3.6,0,328.2,0,0.5,0,194.8,0,0.3,0,6.476,0
gtmpcnut,03/15/2010 12:00,2,1,,0.021,0,0.075,0,0.020,0,0.0103,0,0.0019,0,0.0122,0,0.032,0,0.581,<-3> [GQD],4.0,0,3.1,0,1.5,0,5.87,0,8.3,0,,<-1>,0.0,0,,<-1>,,<-1>,6.8,0,271.0,0,,<-1>,,<-1>,,<-1>,,<-1>
gtmpcnut,03/15/2010 14:30,2,1,,0.022,0,0.063,0,0.018,0,0.0104,0,0.0016,0,0.0120,0,0.030,0,0.603,<-3> [GQD],1.6,0,1.1,0,0.8,0,5.78,0,2.0,0,,<-1>,0.0,0,,<-1>,,<-1>,4.6,0,248.9,0,,<-1>,,<-1>,,<-1>,,<-1>
gtmpcnut,03/15/2010 17:00,2,1,,0.022,0,0.063,0,0.019,0,0.0108,0,0.0029,0,0.0137,0,0.033,0,0.544,<-3> [GQD],1.1,0,0.9,0,0.4,0,6.77,0,4.0,0,,<-1>,0.0,0,,<-1>,,<-1>,4.0,0,266.2,0,,<-1>,,<-1>,,<-1>,,<-1>
gtmpcnut,03/15/2010 19:30,2,1,,0.022,0,0.050,0,0.025,0,0.0108,0,0.0024,0,0.0132,0,0.038,0,0.567,<-3> [GQD],1.0,0,0.7,0,0.6,0,6.14,0,3.7,0,,<-1>,0.0,0,,<-1>,,<-1>,3.8,0,222.8,0,,<-1>,,<-1>,,<-1>,,<-1>
gtmpcnut,03/15/2010 22:00,2,1,,0.023,0,0.065,0,0.020,0,0.0100,<-4> [SBL],,<-4> [SCB],0.0142,0,0.034,0,0.582,<-3> [GQD],2.5,0,1.6,0,1.6,0,6.32,0,11.0,0,,<-1>,0.0,0,,<-1>,,<-1>,7.8,0,265.3,0,,<-1>,,<-1>,,<-1>,,<-1>
gtmpcnut,03/16/2010 00:30,2,1,,0.023,0,0.071,0,0.025,0,0.0100,<-4> [SBL],,<-4> [SCB],0.0152,0,0.040,0,0.298,<-3> [GQD],2.3,0,1.6,0,1.3,0,5.85,0,11.7,0,,<-1>,1.0,0,,<-1>,,<-1>,7.4,0,290.4,0,,<-1>,,<-1>,,<-1>,,<-1>
gtmpcnut,03/16/2010 03:00,2,1,,0.024,0,0.069,0,0.022,0,0.0110,0,0.0047,0,0.0157,0,0.038,0,0.544,<-3> [GQD],1.0,0,0.7,0,0.6,0,6.24,0,5.0,0,,<-1>,1.0,0,,<-1>,,<-1>,4.9,0,252.7,0,,<-1>,,<-1>,,<-1>,,<-1>
gtmpcnut,03/16/2010 05:30,2,1,,0.024,0,0.058,0,0.022,0,0.0110,0,0.0046,0,0.0156,0,0.038,0,0.500,<-3> [GQD],0.9,0,0.9,0,0.2,<-4> [SBL],6.66,0,3.0,0,,<-1>,1.0,0,,<-1>,,<-1>,3.8,0,317.4,0,,<-1>,,<-1>,,<-1>,,<-1>
gtmpcnut,03/16/2010 08:00,2,1,,0.024,0,0.058,0,0.029,0,0.0111,0,0.0050,0,0.0161,0,0.045,0,0.546,<-3> [GQD],2.3,0,2.0,0,0.6,0,6.81,0,1.7,0,,<-1>,1.0,0,,<-1>,,<-1>,3.8,0,281.7,0,,<-1>,,<-1>,,<-1>,,<-1>
gtmpcnut,03/16/2010 10:30,2,1,,0.024,0,0.072,0,0.027,0,0.0107,0,0.0064,0,0.0171,0,0.044,0,0.561,<-3> [GQD],4.5,0,3.6,0,1.7,0,6.19,0,11.7,0,,<-1>,2.0,0,,<-1>,,<-1>,6.6,0,289.4,0,,<-1>,,<-1>,,<-1>,,<-1>
gtmpinut,03/16/2010 11:35,1,1,,0.008,0,0.058,0,0.028,0,0.0100,<-4> [SBL],,<-4> [SCB],0.0038,0,0.032,0,0.193,<-3> [GQD],7.8,0,6.7,0,2.1,0,0.94,0,25.4,0,16.1,0,24.7,0,9.3,0,6.5,<0> (CSM),5.0,0,29.3,0,1.0,0,1329.0,0,116.4,0,2.435,0
gtmpinut,03/16/2010 11:36,1,2,,0.007,0,0.056,0,0.034,0,0.0100,<-4> [SBL],,<-4> [SCB],0.0059,0,0.040,0,0.210,<-3> [GQD],8.0,0,6.7,0,2.5,0,1.25,0,28.2,0,16.1,0,24.7,0,9.3,0,6.5,<0> (CSM),6.0,0,30.2,0,1.0,0,1329.0,0,116.4,0,2.435,0
gtmpcnut,03/16/2010 13:00,2,1,,0.021,0,0.083,0,0.025,0,0.0100,<-4> [SBL],,<-4> [SCB],0.0111,0,0.036,0,0.272,<-3> [GQD],10.3,0,8.7,0,3.0,0,5.31,0,18.7,0,,<-1>,2.0,0,,<-1>,,<-1>,7.9,0,223.8,0,,<-1>,,<-1>,,<-1>,,<-1>
gtmssnut,03/16/2010 13:31,1,1,,0.018,0,0.058,0,0.053,0,0.0100,<-4> [SBL],,<-4> [SCB],0.0257,0,0.079,0,0.055,<-3> [GQD],4.7,0,4.7,0,0.2,<-4> [SBL],1.66,0,29.2,0,16.2,0,29.7,0,10.2,0,6.5,<0> (CSM),5.9,0,26.4,0,1.5,0,1902.0,0,147.1,0,2.560,0
gtmssnut,03/16/2010 13:32,1,2,,0.019,0,0.056,0,0.051,0,0.0100,<-4> [SBL],,<-4> [SCB],0.0261,0,0.077,0,0.046,<-4> [SBL],4.8,0,4.0,0,1.4,0,1.79,0,22.8,0,16.2,0,29.7,0,10.2,0,6.5,<0> (CSM),5.0,0,20.2,0,1.5,0,1902.0,0,147.1,0,2.560,0
gtmfmnut,03/16/2010 14:28,1,1,,0.011,0,0.053,0,0.032,0,0.0100,<-4> [SBL],,<-4> [SCB],0.0084,0,0.040,0,0.046,<-4> [SBL],3.6,0,3.4,0,0.5,0,1.31,0,19.0,0,15.5,0,28.5,0,9.8,0,6.5,<0> (CSM),4.4,0,20.7,0,1.0,0,1477.0,0,290.6,0,1.626,0
gtmfmnut,03/16/2010 14:29,1,2,,0.011,0,0.050,0,0.034,0,0.0100,<-4> [SBL],,<-4> [SCB],0.0067,0,0.041,0,0.046,<-4> [SBL],4.8,0,6.5,<-3> [GQD],0.2,<-4> [SBL],1.08,0,23.2,0,15.5,0,28.5,0,9.8,0,6.5,<0> (CSM),4.4,0,21.4,0,1.0,0,1477.0,0,290.6,0,1.626,0
gtmpcnut,03/16/2010 16:12,1,1,,0.030,0,0.075,0,0.027,0,0.0103,0,0.0060,0,0.0163,0,0.043,0,0.663,<-3> [GQD],2.3,0,1.8,0,0.9,0,6.58,0,2.7,0,18.1,0,0.2,0,6.7,0,6.0,<0> (CSM),5.9,0,250.8,0,1.1,0,543.7,0,0.5,0,6.992,0
gtmpcnut,03/16/2010 16:13,1,2,,0.026,0,0.051,0,0.025,0,0.0100,<-4> [SBL],,<-4> [SCB],0.0144,0,0.039,0,0.540,<-3> [GQD],2.0,0,1.3,0,1.2,0,6.37,0,5.3,0,18.1,0,0.2,0,6.7,0,6.0,<0> (CSM),5.6,0,246.9,0,1.1,0,543.7,0,0.5,0,6.992,0
gtmpcnut,04/14/2010 10:30,2,1,,0.028,0,0.075,0,0.0177,<-4> [SBL],0.0100,<-4> [SBL],,<-4> [SCB],0.0157,0,,<-4> [SCB],0.499,0,6.4,0,4.5,0,3.6,0,4.49,0,10.0,0,,<-1>,15.0,0,,<-1>,,<-1>,6.3,0,159.1,0,,<-1>,,<-1>,,<-1>,,<-1>
gtmpinut,04/14/2010 10:50,1,1,,0.018,0,0.065,0,0.029,0,0.0100,<-4> [SBL],,<-4> [SCB],0.0066,0,0.036,0,0.103,0,10.9,0,9.4,0,3.0,0,1.68,0,26.0,0,21.6,0,28.4,0,6.8,0,6.5,<0> (CSM),6.6,0,29.9,0,1.0,0,,<-2> [GDM],,<-2> [GDM],1.450,<1> (CSM)
gtmpinut,04/14/2010 10:51,1,2,,0.016,0,0.067,0,0.022,0,0.0100,<-4> [SBL],,<-4> [SCB],0.0028,0,0.025,0,0.227,0,11.6,0,9.6,0,3.7,0,2.72,0,30.6,0,21.6,0,28.4,0,6.8,0,6.5,<0> (CSM),7.8,0,33.2,0,1.0,0,,<-2> [GDM],,<-2> [GDM],1.450,<1> (CSM)
gtmssnut,04/14/2010 12:16,1,1,,0.016,0,0.069,0,0.060,0,0.0100,<-4> [SBL],,<-4> [SCB],0.0194,0,0.079,0,0.046,<-4> [SBL],6.2,0,4.7,0,2.9,0,1.97,0,52.8,0,21.8,0,31.8,0,7.3,0,6.5,<0> (CSM),9.7,0,20.6,0,1.5,0,,<-2> [GDM],,<-2> [GDM],0.967,<1> (CSM)
gtmssnut,04/14/2010 12:17,1,2,,0.016,0,0.076,0,0.044,0,0.0100,<-4> [SBL],,<-4> [SCB],0.0173,0,0.061,0,0.046,<-4> [SBL],6.4,0,5.1,0,2.4,0,2.36,0,52.2,0,21.8,0,31.8,0,7.3,0,6.5,<0> (CSM),10.6,0,20.6,0,1.5,0,,<-2> [GDM],,<-2> [GDM],0.967,<1> (CSM)
gtmpcnut,04/14/2010 13:00,2,1,,0.030,0,0.074,0,0.0177,<-4> [SBL],0.0100,<-4> [SBL],,<-4> [SCB],0.0166,0,,<-4> [SCB],0.483,0,4.3,<-3> [GQD],3.1,0,2.2,0,5.42,0,15.6,0,,<-1>,11.0,0,,<-1>,,<-1>,5.3,0,173.0,0,,<-1>,,<-1>,,<-1>,,<-1>
gtmfmnut,04/14/2010 13:13,1,1,,0.011,0,0.027,0,0.030,0,0.0100,<-4> [SBL],,<-4> [SCB],0.0086,0,0.038,0,0.206,0,4.1,0,3.8,0,0.7,0,2.29,0,25.8,0,21.0,0,32.2,0,7.4,0,6.5,<0> (CSM),4.5,0,14.6,0,1.0,0,,<-2> [GDM],,<-2> [GDM],1.450,<1> (CSM)
gtmfmnut,04/14/2010 13:14,1,2,,0.011,0,0.028,0,0.031,0,0.0100,<-4> [SBL],,<-4> [SCB],0.0075,0,0.038,0,0.098,0,4.7,0,4.0,0,1.3,0,1.83,0,19.6,0,21.0,0,32.2,0,7.4,0,6.5,<0> (CSM),4.6,0,14.7,0,1.0,0,,<-2> [GDM],,<-2> [GDM],1.450,<1> (CSM)
gtmpcnut,04/14/2010 14:46,1,1,,0.030,0,0.063,0,0.0177,<-4> [SBL],0.0100,<-4> [SBL],,<-4> [SCB],0.0163,0,,<-4> [SCB],0.355,0,5.8,0,4.7,0,2.1,0,6.11,0,11.0,0,22.5,0,8.8,0,6.5,0,6.5,<0> (CSM),5.2,0,193.5,0,0.5,0,,<-2> [GDM],,<-2> [GDM],2.900,<1> (CSM)
gtmpcnut,04/14/2010 14:47,1,2,,0.031,0,0.045,0,0.0177,<-4> [SBL],0.0100,<-4> [SBL],,<-4> [SCB],0.0137,0,,<-4> [SCB],0.341,0,5.1,0,3.8,0,2.5,0,5.90,0,9.8,0,22.5,0,8.8,0,6.5,0,6.5,<0> (CSM),4.9,0,203.7,0,0.5,0,,<-2> [GDM],,<-2> [GDM],2.900,<1> (CSM)
gtmpcnut,04/14/2010 15:30,2,1,,0.027,0,0.084,0,0.022,0,0.0100,<-4> [SBL],,<-4> [SCB],0.0213,0,0.043,0,0.555,0,3.2,<-3> [GQD],2.2,0,1.8,0,5.50,0,10.4,0,,<-1>,10.0,0,,<-1>,,<-1>,5.9,0,180.5,0,,<-1>,,<-1>,,<-1>,,<-1>
gtmpcnut,04/14/2010 18:00,2,1,,0.029,0,0.078,0,0.0177,<-4> [SBL] (CHB),0.0100,<-4> [SBL],,<-4> [SCB],0.0127,0,,<-4> [SCB],0.470,0,5.1,<-3> [GQD],4.0,0,2.1,0,6.05,0,11.0,0,,<-1>,7.0,0,,<-1>,,<-1>,5.0,0,220.5,0,,<-1>,,<-1>,,<-1>,,<-1>
gtmpcnut,04/14/2010 20:30,2,1,,0.023,0,0.071,0,0.032,<1> (CHB),0.0100,<-4> [SBL],,<-4> [SCB],0.0137,0,0.046,<1> (CHB),0.580,0,9.2,<-3> [GQD],7.4,0,3.4,0,5.65,0,14.0,0,,<-1>,10.0,0,,<-1>,,<-1>,6.3,0,177.7,0,,<-1>,,<-1>,,<-1>,,<-1>
gtmpcnut,04/14/2010 23:00,2,1,,0.028,0,0.051,0,0.047,<1> (CHB),0.0100,<-4> [SBL],,<-4> [SCB],0.0146,0,0.062,<1> (CHB),0.353,0,7.9,<-3> [GQD],5.6,0,4.2,0,4.15,0,37.8,0,,<-1>,16.0,0,,<-1>,,<-1>,8.0,0,136.7,0,,<-1>,,<-1>,,<-1>,,<-1>
gtmpcnut,04/15/2010 01:30,2,1,,0.027,0,0.085,0,0.0177,<-4> [SBL] (CHB),0.0100,<-4> [SBL],,<-4> [SCB],0.0149,0,,<-4> [SCB],0.381,0,8.2,<-3> [GQD],6.5,0,3.2,0,5.28,0,19.6,0,,<-1>,11.0,0,,<-1>,,<-1>,5.8,0,168.4,0,,<-1>,,<-1>,,<-1>,,<-1>
gtmpcnut,04/15/2010 04:00,2,1,,0.029,0,0.047,0,0.0177,<-4> [SBL] (CHB),0.0100,<-4> [SBL],,<-4> [SCB],0.0126,0,,<-4> [SCB],0.276,0,10.2,<-3> [GQD],8.9,0,2.5,0,6.30,0,12.0,0,,<-1>,8.0,0,,<-1>,,<-1>,3.4,0,205.6,0,,<-1>,,<-1>,,<-1>,,<-1>
gtmpcnut,04/15/2010 06:30,2,1,,0.028,0,0.070,0,0.0177,<-4> [SBL] (CHB),0.0100,<-4> [SBL],,<-4> [SCB],0.0133,0,,<-4> [SCB],0.439,0,5.1,<-3> [GQD],4.0,0,2.1,0,6.09,0,10.2,0,,<-1>,7.0,0,,<-1>,,<-1>,3.7,0,210.2,0,,<-1>,,<-1>,,<-1>,,<-1>
gtmpcnut,04/15/2010 09:00,2,1,,0.029,0,0.048,0,0.0177,<-4> [SBL] (CHB),0.0100,<-4> [SBL],,<-4> [SCB],0.0117,0,,<-4> [SCB],0.486,0,6.6,<-3> [GQD],5.4,0,2.4,0,5.92,0,14.6,0,,<-1>,9.0,0,,<-1>,,<-1>,4.0,0,190.7,0,,<-1>,,<-1>,,<-1>,,<-1>
gtmpcnut,04/15/2010 11:30,2,1,,0.027,0,0.073,0,0.035,<1> (CHB),0.0100,<-4> [SBL],,<-4> [SCB],0.0156,0,0.051,<1> (CHB),0.252,0,5.1,<-3> [GQD],3.6,0,2.9,0,4.68,0,24.4,0,,<-1>,14.0,0,,<-1>,,<-1>,5.0,0,160.0,0,,<-1>,,<-1>,,<-1>,,<-1>
gtmpcnut,05/10/2010 09:30,2,1,,0.034,0,0.136,0,0.0177,<-4> [SBL],0.0100,<-4> [SBL],,<-4> [SCB],0.0046,0,,<-4> [SCB],0.234,0,23.8,0,19.9,0,7.5,0,4.69,0,58.0,0,,<-1>,21.0,0,,<-1>,,<-1>,13.1,0,59.5,0,,<-1>,,<-1>,,<-1>,,<-1>
gtmpcnut,05/10/2010 12:00,2,1,,0.038,0,0.144,0,0.0177,<-4> [SBL],0.0100,<-4> [SBL],,<-4> [SCB],0.0064,0,,<-4> [SCB],0.301,0,25.1,0,20.6,0,8.6,0,4.28,0,68.0,0,,<-1>,20.0,0,,<-1>,,<-1>,10.4,0,58.6,0,,<-1>,,<-1>,,<-1>,,<-1>
gtmpcnut,05/10/2010 14:30,2,1,,0.035,0,0.126,0,0.0177,<-4> [SBL],0.0100,<-4> [SBL],,<-4> [SCB],0.0039,0,,<-4> [SCB],0.200,0,23.2,0,19.0,0,7.9,0,4.16,0,43.0,0,,<-1>,18.0,0,,<-1>,,<-1>,10.4,0,64.8,0,,<-1>,,<-1>,,<-1>,,<-1>
gtmpcnut,05/10/2010 17:00,2,1,,0.031,0,0.138,0,0.0177,<-4> [SBL],0.0100,<-4> [SBL],,<-4> [SCB],0.0033,0,,<-4> [SCB],0.254,0,19.9,0,16.1,0,7.1,0,4.21,0,55.7,0,,<-1>,15.0,0,,<-1>,,<-1>,15.5,0,64.0,0,,<-1>,,<-1>,,<-1>,,<-1>
gtmpcnut,05/10/2010 19:30,2,1,,0.030,0,0.148,0,0.0177,<-4> [SBL],0.0100,<-4> [SBL],,<-4> [SCB],0.0034,0,,<-4> [SCB],0.239,0,18.0,0,13.8,0,7.7,0,2.85,0,51.3,0,,<-1>,20.0,0,,<-1>,,<-1>,18.3,0,61.8,0,,<-1>,,<-1>,,<-1>,,<-1>
gtmpcnut,05/10/2010 22:00,2,1,,0.027,0,0.130,0,0.0177,<-4> [SBL],0.0100,<-4> [SBL],,<-4> [SCB],0.0037,0,,<-4> [SCB],0.269,0,14.7,0,11.4,0,6.1,0,3.43,0,64.3,0,,<-1>,23.0,0,,<-1>,,<-1>,15.1,0,58.7,0,,<-1>,,<-1>,,<-1>,,<-1>
gtmpcnut,05/11/2010 00:30,2,1,,0.033,0,0.127,0,0.0177,<-4> [SBL],0.0100,<-4> [SBL],,<-4> [SCB],0.0038,0,,<-4> [SCB],0.233,0,17.0,0,13.8,0,5.9,0,4.09,0,50.7,0,,<-1>,20.0,0,,<-1>,,<-1>,10.8,0,60.1,0,,<-1>,,<-1>,,<-1>,,<-1>
gtmpcnut,05/11/2010 03:00,2,1,,0.035,0,0.131,0,0.0177,<-4> [SBL],0.0100,<-4> [SBL],,<-4> [SCB],0.0035,0,,<-4> [SCB],0.222,0,17.1,0,14.3,0,5.3,0,3.79,0,52.0,0,,<-1>,20.0,0,,<-1>,,<-1>,10.0,0,61.0,0,,<-1>,,<-1>,,<-1>,,<-1>
gtmpcnut,05/11/2010 05:30,2,1,,0.033,0,0.117,0,0.0177,<-4> [SBL],0.0100,<-4> [SBL],,<-4> [SCB],0.0033,0,,<-4> [SCB],0.186,0,18.1,0,14.7,0,6.3,0,3.84,0,45.3,0,,<-1>,15.0,0,,<-1>,,<-1>,9.2,0,64.4,0,,<-1>,,<-1>,,<-1>,,<-1>
gtmpcnut,05/11/2010 08:00,2,1,,0.033,0,0.131,0,0.0177,<-4> [SBL],0.0100,<-4> [SBL],,<-4> [SCB],0.0035,0,,<-4> [SCB],0.252,0,20.1,0,17.4,0,5.2,0,3.84,0,53.3,0,,<-1>,19.0,0,,<-1>,,<-1>,13.0,0,60.0,0,,<-1>,,<-1>,,<-1>,,<-1>
gtmpinut,05/11/2010 09:28,1,1,,0.015,0,0.067,0,0.030,0,0.0100,<-4> [SBL],,<-4> [SCB],0.0068,0,0.037,0,0.106,0,9.9,0,8.5,0,2.8,0,0.42,<-4> [SBL],60.6,0,25.5,0,30.4,0,5.9,0,7.0,<0> (CSM),10.0,0,27.1,0,1.0,0,1388.0,0,253.7,0,1.699,0
gtmpinut,05/11/2010 09:29,1,2,,0.016,0,0.069,0,0.018,0,0.0100,<-4> [SBL],,<-4> [SCB],0.0066,0,0.024,0,0.129,0,11.1,0,9.4,0,3.3,0,0.57,0,72.6,0,25.5,0,30.4,0,5.9,0,7.0,<0> (CSM),11.4,0,30.9,0,1.0,0,1388.0,0,253.7,0,1.699,0
gtmpcnut,05/11/2010 10:30,2,1,,0.035,0,0.136,0,0.0177,<-4> [SBL],0.0100,<-4> [SBL],,<-4> [SCB],0.0034,0,,<-4> [SCB],0.175,0,23.7,0,20.6,0,6.1,0,4.18,0,43.3,0,,<-1>,20.0,0,,<-1>,,<-1>,13.4,0,55.9,0,,<-1>,,<-1>,,<-1>,,<-1>
gtmssnut,05/11/2010 10:56,1,1,,0.025,0,0.089,0,0.052,0,0.0100,<-4> [SBL],,<-4> [SCB],0.0255,0,0.078,0,0.140,0,12.0,0,9.2,0,5.2,0,2.88,0,70.0,0,25.6,0,31.5,0,6.0,0,,<-2> [GDM],20.0,0,18.6,0,0.5,0,1837.0,0,153.8,0,2.480,0
gtmssnut,05/11/2010 10:57,1,2,,0.024,0,0.086,0,0.046,0,0.0100,<-4> [SBL],,<-4> [SCB],0.0265,0,0.072,0,0.091,0,10.9,0,8.5,0,4.5,0,2.46,0,63.2,0,25.6,0,31.5,0,6.0,0,,<-2> [GDM],15.5,0,14.5,0,0.5,0,1837.0,0,153.8,0,2.480,0
gtmfmnut,05/11/2010 12:22,1,1,,0.010,0,0.049,0,0.023,0,0.0100,<-4> [SBL],,<-4> [SCB],0.0048,0,0.028,0,0.046,<-4> [SBL],7.9,0,7.2,0,1.5,0,1.52,0,61.4,<1> [SRD],24.6,0,32.8,0,6.9,0,7.0,<0> (CSM),8.2,0,8.0,0,1.0,0,1937.0,0,350.4,0,1.710,0
gtmfmnut,05/11/2010 12:23,1,2,,0.010,0,0.052,0,0.0177,<-4> [SBL],0.0100,<-4> [SBL],,<-4> [SCB],0.0064,0,,<-4> [SCB],0.046,<-4> [SBL],8.1,0,7.6,0,1.1,0,1.97,0,29.0,<1> [SRD],24.6,0,32.8,0,6.9,0,7.0,<0> (CSM),9.6,0,7.6,0,1.0,0,1937.0,0,350.4,0,1.710,0
gtmpcnut,05/11/2010 14:01,1,1,,0.037,0,0.128,0,0.0177,<-4> [SBL],0.0100,<-4> [SBL],,<-4> [SCB],0.0038,0,,<-4> [SCB],0.326,0,19.5,0,16.5,0,5.7,0,3.94,0,33.8,0,29.5,0,15.0,0,5.8,0,,<-2> [GDM],11.2,0,72.4,0,0.5,0,1660.0,0,45.1,0,3.606,0
gtmpcnut,05/11/2010 14:02,1,2,,0.035,0,0.120,0,0.0177,<-4> [SBL],0.0100,<-4> [SBL],,<-4> [SCB],0.0039,0,,<-4> [SCB],0.196,0,18.9,0,15.9,0,5.8,0,4.35,0,34.0,0,29.5,0,15.0,0,5.8,0,,<-2> [GDM],11.5,0,60.3,0,0.5,0,1660.0,0,45.1,0,3.606,0
gtmpcnut,06/08/2010 10:45,2,1,,0.054,0,0.170,0,0.018,0,0.0100,<-4> [SBL],,<-4> [SCB],0.0082,0,0.026,0,0.183,0,25.5,0,18.3,0,13.0,0,6.51,0,51.0,0,,<-1>,19.0,0,,<-1>,,<-1>,14.1,0,60.2,0,,<-1>,,<-1>,,<-1>,,<-1>
gtmpcnut,06/08/2010 13:15,2,1,,0.054,0,0.169,0,0.0177,<-4> [SBL] (CHB),0.0100,<-4> [SBL],,<-4> [SCB],0.0077,0,,<-4> [SCB],0.149,0,26.3,0,20.1,0,11.4,0,5.73,0,45.3,0,,<-1>,18.0,0,,<-1>,,<-1>,11.5,0,62.8,0,,<-1>,,<-1>,,<-1>,,<-1>
gtmpcnut,06/08/2010 15:45,2,1,,0.055,0,0.154,0,0.0177,<-4> [SBL],0.0100,<-4> [SBL],,<-4> [SCB],0.0060,0,,<-4> [SCB],0.226,0,25.6,0,21.0,0,8.8,0,7.15,0,33.0,0,,<-1>,14.0,0,,<-1>,,<-1>,12.3,0,64.4,0,,<-1>,,<-1>,,<-1>,,<-1>
gtmpcnut,06/08/2010 18:15,2,1,,0.048,0,0.179,0,0.0177,<-4> [SBL],0.0100,<-4> [SBL],,<-4> [SCB],0.0054,0,,<-4> [SCB],0.341,0,16.8,0,13.2,0,6.8,0,4.32,0,66.3,0,,<-1>,20.0,0,,<-1>,,<-1>,31.9,0,66.4,0,,<-1>,,<-1>,,<-1>,,<-1>
gtmpcnut,06/08/2010 20:45,2,1,,0.039,0,0.169,0,0.0177,<-4> [SBL],0.0100,<-4> [SBL],,<-4> [SCB],0.0055,0,,<-4> [SCB],0.079,0,16.8,0,13.2,0,6.8,0,3.31,0,60.0,0,,<-1>,24.0,0,,<-1>,,<-1>,18.5,0,49.9,0,,<-1>,,<-1>,,<-1>,,<-1>
gtmpcnut,06/08/2010 23:15,2,1,,0.049,0,0.172,0,0.0177,<-4> [SBL] (CHB),0.0100,<-4> [SBL],,<-4> [SCB],0.0045,0,,<-4> [SCB],0.194,0,18.4,0,14.5,0,7.2,0,5.35,0,56.3,0,,<-1>,19.0,0,,<-1>,,<-1>,14.3,0,58.8,0,,<-1>,,<-1>,,<-1>,,<-1>
gtmpcnut,06/09/2010 01:45,2,1,,0.055,0,0.129,0,0.0177,<-4> [SBL] (CHB),0.0100,<-4> [SBL],,<-4> [SCB],0.0052,0,,<-4> [SCB],0.239,0,20.5,0,16.5,0,7.4,0,6.15,0,47.3,0,,<-1>,17.0,0,,<-1>,,<-1>,11.1,0,62.4,0,,<-1>,,<-1>,,<-1>,,<-1>
gtmpcnut,06/09/2010 04:15,2,1,,0.057,0,0.162,0,0.0177,<-4> [SBL] (CHB),0.0100,<-4> [SBL],,<-4> [SCB],0.0045,0,,<-4> [SCB],0.178,0,18.7,0,15.4,0,6.1,0,7.06,0,49.7,0,,<-1>,16.0,0,,<-1>,,<-1>,11.3,0,61.5,0,,<-1>,,<-1>,,<-1>,,<-1>
gtmpcnut,06/09/2010 06:45,2,1,,0.053,0,0.161,0,0.0177,<-4> [SBL] (CHB),0.0100,<-4> [SBL],,<-4> [SCB],0.0047,0,,<-4> [SCB],0.121,0,25.3,0,20.3,0,9.3,0,5.74,0,52.0,0,,<-1>,20.0,0,,<-1>,,<-1>,16.1,0,63.9,0,,<-1>,,<-1>,,<-1>,,<-1>
gtmpinut,06/09/2010 07:59,1,1,,0.019,0,0.075,0,0.033,0,0.0100,<-4> [SBL],,<-4> [SCB],0.0063,0,0.039,0,0.132,0,13.7,0,11.6,0,4.0,0,3.12,0,70.6,0,29.0,0,33.3,0,5.4,0,6.5,<0> (CSM),9.6,0,18.4,0,1.0,0,1154.0,0,56.3,0,3.020,0
gtmpinut,06/09/2010 08:00,1,2,,0.020,0,0.074,0,0.038,0,0.0100,<-4> [SBL],,<-4> [SCB],0.0108,0,0.049,0,0.086,0,14.1,0,12.1,0,3.9,0,3.58,0,47.8,0,29.0,0,33.3,0,5.4,0,6.5,<0> (CSM),10.4,0,18.4,0,1.0,0,1154.0,0,56.3,0,3.020,0
gtmpcnut,06/09/2010 09:15,2,1,,0.050,0,0.173,0,0.0177,<-4> [SBL] (CHB),0.0100,<-4> [SBL],,<-4> [SCB],0.0062,0,,<-4> [SCB],0.278,0,27.8,0,24.1,0,7.1,0,6.10,0,59.7,0,,<-1>,21.0,0,,<-1>,,<-1>,14.9,0,57.3,0,,<-1>,,<-1>,,<-1>,,<-1>
gtmssnut,06/09/2010 09:23,1,1,,0.023,0,0.111,0,0.041,0,0.0100,<-4> [SBL],,<-4> [SCB],0.0149,0,0.056,0,0.205,0,11.1,0,9.6,0,2.9,0,1.47,0,52.4,0,27.8,0,33.1,0,6.0,0,6.5,<0> (CSM),10.8,0,9.1,0,0.8,0,1408.0,0,190.9,0,1.998,0
gtmssnut,06/09/2010 09:24,1,2,,0.025,0,0.103,0,0.043,0,0.0100,<-4> [SBL],,<-4> [SCB],0.0153,0,0.058,0,0.190,0,10.9,0,9.4,0,3.0,0,1.64,0,44.0,0,27.8,0,33.1,0,6.0,0,6.5,<0> (CSM),11.9,0,8.4,0,0.8,0,1408.0,0,190.9,0,1.998,0
gtmfmnut,06/09/2010 10:31,1,1,,0.013,0,0.048,0,0.035,0,0.0100,<-4> [SBL],,<-4> [SCB],0.0061,0,0.041,0,0.139,0,8.8,0,8.7,0,0.4,0,1.47,0,50.6,0,27.2,0,33.3,0,5.9,0,6.5,<0> (CSM),4.2,0,7.9,0,1.0,0,1766.0,0,393.9,0,1.500,0
gtmfmnut,06/09/2010 10:32,1,2,,0.011,0,0.049,0,0.024,0,0.0100,<-4> [SBL],,<-4> [SCB],0.0049,0,0.029,0,0.069,0,9.0,0,8.9,0,0.4,0,1.34,0,55.0,0,27.2,0,33.3,0,5.9,0,6.5,<0> (CSM),4.7,0,6.8,0,1.0,0,1766.0,0,393.9,0,1.500,0
gtmpcnut,06/09/2010 11:45,2,1,,0.054,0,0.165,0,0.0177,<-4> [SBL] (CHB),0.0100,<-4> [SBL],,<-4> [SCB],0.0052,0,,<-4> [SCB],0.216,0,31.4,0,26.4,0,9.5,0,6.06,0,53.7,0,,<-1>,20.0,0,,<-1>,,<-1>,12.9,0,58.0,0,,<-1>,,<-1>,,<-1>,,<-1>
gtmpcnut,06/09/2010 12:26,1,1,,0.060,0,0.165,0,0.0177,<-4> [SBL],0.0100,<-4> [SBL],,<-4> [SCB],0.0061,0,,<-4> [SCB],0.288,0,25.6,0,22.3,0,6.4,0,6.32,0,47.0,0,29.9,0,16.9,0,6.3,0,6.5,<0> (CSM),10.2,0,66.4,0,0.8,0,1926.0,0,61.6,0,3.442,0
gtmpcnut,06/09/2010 12:27,1,2,,0.061,0,0.156,0,0.0177,<-4> [SBL],0.0100,<-4> [SBL],,<-4> [SCB],0.0062,0,,<-4> [SCB],0.200,0,28.7,0,24.1,0,8.7,0,6.73,0,36.3,0,29.9,0,16.9,0,6.3,0,6.5,<0> (CSM),10.2,0,66.4,0,0.8,0,1926.0,0,61.6,0,3.442,0
gtmpcnut,07/12/2010 11:30,2,1,,0.047,0,0.157,0,0.0177,<-4> [SBL],0.0100,<-4> [SBL],,<-4> [SCB],0.0047,0,,<-4> [SCB],0.419,<1> (CHB),23.0,0,19.9,0,6.0,0,4.21,0,95.3,0,,<-1>,30.0,0,,<-1>,,<-1>,16.2,0,45.1,0,,<-1>,,<-1>,,<-1>,,<-1>
gtmpcnut,07/12/2010 14:00,2,1,,0.060,0,0.131,0,0.0177,<-4> [SBL],0.0100,<-4> [SBL],,<-4> [SCB],0.0055,0,,<-4> [SCB],0.400,<1> (CHB),26.8,0,22.8,0,7.8,0,3.91,0,78.7,0,,<-1>,25.0,0,,<-1>,,<-1>,11.7,0,52.8,0,,<-1>,,<-1>,,<-1>,,<-1>
gtmpcnut,07/12/2010 16:30,2,1,,0.062,0,0.137,0,0.0177,<-4> [SBL],0.0100,<-4> [SBL],,<-4> [SCB],0.0038,0,,<-4> [SCB],0.409,<1> (CHB),28.0,0,22.6,0,10.1,0,3.98,0,78.0,0,,<-1>,25.0,0,,<-1>,,<-1>,10.6,0,62.3,0,,<-1>,,<-1>,,<-1>,,<-1>
gtmpcnut,07/12/2010 19:00,2,1,,0.069,0,0.139,0,0.0177,<-4> [SBL],0.0100,<-4> [SBL],,<-4> [SCB],0.0039,0,,<-4> [SCB],0.444,<1> (CHB),21.5,0,17.4,0,7.7,0,5.74,0,63.0,0,,<-1>,20.0,0,,<-1>,,<-1>,9.6,0,61.2,0,,<-1>,,<-1>,,<-1>,,<-1>
gtmpcnut,07/12/2010 21:30,2,1,,0.062,0,0.160,0,0.020,0,0.0100,<-4> [SBL],,<-4> [SCB],0.0050,0,0.025,0,0.415,<1> (CHB),20.4,0,15.9,0,8.4,0,5.26,0,88.3,0,,<-1>,25.0,0,,<-1>,,<-1>,17.1,0,54.1,0,,<-1>,,<-1>,,<-1>,,<-1>
gtmpcnut,07/13/2010 00:00,2,1,,0.041,0,0.123,0,0.0177,<-4> [SBL],0.0100,<-4> [SBL],,<-4> [SCB],0.0035,0,,<-4> [SCB],0.343,<1> (CHB),13.0,0,9.6,0,6.2,0,2.54,0,94.7,0,,<-1>,32.0,0,,<-1>,,<-1>,17.9,0,40.2,0,,<-1>,,<-1>,,<-1>,,<-1>
gtmpcnut,07/13/2010 02:30,2,1,,0.046,0,0.101,0,0.0177,<-4> [SBL],0.0100,<-4> [SBL],,<-4> [SCB],0.0031,0,,<-4> [SCB],0.314,<1> (CHB),14.8,0,11.8,0,5.5,0,3.09,0,102.3,0,,<-1>,30.0,0,,<-1>,,<-1>,7.5,0,41.1,0,,<-1>,,<-1>,,<-1>,,<-1>
gtmpcnut,07/13/2010 05:00,2,1,,0.062,0,0.119,0,0.0177,<-4> [SBL],0.0100,<-4> [SBL],,<-4> [SCB],0.0036,0,,<-4> [SCB],0.307,<1> (CHB),18.1,0,14.1,0,7.5,0,4.69,0,73.0,0,,<-1>,23.0,0,,<-1>,,<-1>,8.2,0,54.9,0,,<-1>,,<-1>,,<-1>,,<-1>
gtmpcnut,07/13/2010 07:30,2,1,,0.068,0,0.124,0,0.0177,<-4> [SBL],0.0100,<-4> [SBL],,<-4> [SCB],0.0039,0,,<-4> [SCB],0.360,<1> (CHB),19.9,0,15.4,0,8.2,0,5.51,0,57.0,0,,<-1>,21.0,0,,<-1>,,<-1>,8.3,0,59.8,0,,<-1>,,<-1>,,<-1>,,<-1>
gtmpcnut,07/13/2010 10:00,2,1,,0.061,0,0.130,0,0.0177,<-4> [SBL],0.0100,<-4> [SBL],,<-4> [SCB],0.0037,0,,<-4> [SCB],0.353,<1> (CHB),20.7,0,16.8,0,7.4,0,5.13,0,69.3,0,,<-1>,24.0,0,,<-1>,,<-1>,8.8,0,56.3,0,,<-1>,,<-1>,,<-1>,,<-1>
gtmpinut,07/13/2010 11:38,1,1,,0.020,0,0.059,0,0.040,0,0.0100,<-4> [SBL],,<-4> [SCB],0.0083,0,0.048,0,0.332,<1> (CHB),11.5,0,10.3,0,2.4,0,1.88,0,105.0,0,29.6,0,34.6,0,3.9,0,,<-2> [GDM],5.9,0,19.0,0,1.0,0,1968.0,0,444.4,0,1.488,0
gtmpinut,07/13/2010 11:39,1,2,,0.019,0,0.061,0,0.044,0,0.0100,<-4> [SBL],,<-4> [SCB],0.0068,0,0.051,0,0.334,<1> (CHB),10.4,0,9.4,0,2.0,0,2.51,0,90.3,0,29.6,0,34.6,0,3.9,0,,<-2> [GDM],5.0,0,19.7,0,1.0,0,1968.0,0,444.4,0,1.488,0
gtmpcnut,07/13/2010 12:30,2,1,,0.042,0,0.113,0,0.0177,<-4> [SBL],0.0100,<-4> [SBL],,<-4> [SCB],0.0036,0,,<-4> [SCB],0.307,<1> (CHB),23.4,0,20.1,0,6.3,0,3.56,0,91.7,0,,<-1>,29.0,0,,<-1>,,<-1>,7.6,0,44.8,0,,<-1>,,<-1>,,<-1>,,<-1>
gtmssnut,07/13/2010 12:41,1,1,,0.015,0,0.079,0,0.034,0,0.0100,<-4> [SBL],,<-4> [SCB],0.0106,0,0.045,0,0.330,<1> (CHB),10.8,0,8.7,0,4.0,0,1.76,0,101.0,0,28.3,0,34.4,0,6.3,0,,<-2> [GDM],17.6,0,11.0,0,0.5,0,1634.0,0,438.6,0,1.315,0
gtmssnut,07/13/2010 12:42,1,2,,0.017,0,0.074,0,0.035,0,0.0100,<-4> [SBL],,<-4> [SCB],0.0118,0,0.047,0,0.207,<1> (CHB),10.6,0,8.7,0,3.5,0,1.31,0,113.0,0,28.3,0,34.4,0,6.3,0,,<-2> [GDM],15.2,0,11.8,0,0.5,0,1634.0,0,438.6,0,1.315,0
gtmfmnut,07/13/2010 13:36,1,1,,0.016,0,0.042,0,0.046,0,0.0100,<-4> [SBL],,<-4> [SCB],0.0180,0,0.064,0,0.140,<1> (CHB),6.5,0,6.5,0,0.3,0,1.75,0,105.3,0,28.7,0,34.4,0,5.7,0,,<-2> [GDM],3.6,0,10.5,0,1.0,0,1969.0,0,556.0,0,1.264,0
gtmfmnut,07/13/2010 13:37,1,2,,0.014,0,0.041,0,0.032,0,0.0100,<-4> [SBL],,<-4> [SCB],0.0081,0,0.040,0,0.162,<1> (CHB),6.2,0,5.8,0,0.8,0,1.25,0,93.3,0,28.7,0,34.4,0,5.7,0,,<-2> [GDM],5.1,0,11.7,0,1.0,0,1969.0,0,556.0,0,1.264,0
gtmpcnut,07/13/2010 15:26,1,1,,0.060,0,0.140,0,0.029,0,0.0100,<-4> [SBL],,<-4> [SCB],0.0043,0,0.033,0,0.471,<1> (CHB),23.0,0,18.5,0,8.3,0,5.09,0,53.7,0,31.0,0,24.2,0,5.4,0,,<-2> [GDM],11.7,0,54.7,0,0.5,0,318.5,0,13.4,0,3.168,0
gtmpcnut,07/13/2010 15:27,1,2,,0.060,0,0.141,0,0.0177,<-4> [SBL],0.0100,<-4> [SBL],,<-4> [SCB],0.0054,0,,<-4> [SCB],0.483,<1> (CHB),22.4,0,18.5,0,7.4,0,4.95,0,58.0,0,31.0,0,24.2,0,5.4,0,,<-2> [GDM],11.0,0,61.4,0,0.5,0,318.5,0,13.4,0,3.168,0
gtmpcnut,08/09/2010 12:30,2,1,,0.048,0,0.114,0,0.0177,<-4> [SBL],0.0100,<-4> [SBL],,<-4> [SCB],0.0038,0,,<-4> [SCB],0.530,0,27.6,0,24.1,0,6.8,0,4.39,0,131.3,0,,<-1>,32.0,0,,<-1>,,<-1>,13.1,0,35.2,0,,<-1>,,<-1>,,<-1>,,<-1>
gtmpcnut,08/09/2010 15:00,2,1,,0.077,0,0.205,0,0.0177,<-4> [SBL],0.0100,<-4> [SBL],,<-4> [SCB],0.0048,0,,<-4> [SCB],0.493,0,26.5,0,21.7,0,9.0,0,4.23,0,89.3,0,,<-1>,26.0,0,,<-1>,,<-1>,15.1,0,44.7,0,,<-1>,,<-1>,,<-1>,,<-1>
gtmpcnut,08/09/2010 17:30,2,1,,0.085,0,0.194,0,0.0177,<-4> [SBL],0.0100,<-4> [SBL],,<-4> [SCB],0.0030,0,,<-4> [SCB],0.560,0,26.0,0,21.4,0,8.6,0,7.66,0,115.0,0,,<-1>,24.0,0,,<-1>,,<-1>,13.0,0,46.7,0,,<-1>,,<-1>,,<-1>,,<-1>
gtmpcnut,08/09/2010 20:00,2,1,,0.065,0,0.231,0,0.0177,<-4> [SBL],0.0100,<-4> [SBL],,<-4> [SCB],0.0029,0,,<-4> [SCB],0.609,0,22.6,0,17.9,0,8.8,0,3.18,0,123.3,0,,<-1>,28.0,0,,<-1>,,<-1>,21.3,0,41.6,0,,<-1>,,<-1>,,<-1>,,<-1>
gtmpcnut,08/09/2010 22:30,2,1,,0.034,0,0.206,0,0.0177,<-4> [SBL],0.0100,<-4> [SBL],,<-4> [SCB],0.0029,0,,<-4> [SCB],0.456,0,18.8,0,14.1,0,8.6,0,4.18,0,177.7,0,,<-1>,35.0,0,,<-1>,,<-1>,32.1,0,25.2,0,,<-1>,,<-1>,,<-1>,,<-1>
gtmpcnut,08/10/2010 01:00,2,1,,0.033,0,0.063,0,0.0177,<-4> [SBL],0.0100,<-4> [SBL],,<-4> [SCB],0.0035,0,,<-4> [SCB],0.432,0,15.4,0,12.3,0,5.9,0,4.69,0,120.0,0,,<-1>,35.0,0,,<-1>,,<-1>,16.7,0,24.6,0,,<-1>,,<-1>,,<-1>,,<-1>
gtmpcnut,08/10/2010 03:30,2,1,,0.059,0,0.192,0,0.0177,<-4> [SBL],0.0100,<-4> [SBL],,<-4> [SCB],0.0035,0,,<-4> [SCB],0.503,0,22.3,0,18.1,0,8.0,0,4.64,0,139.0,0,,<-1>,30.0,0,,<-1>,,<-1>,14.1,0,38.7,0,,<-1>,,<-1>,,<-1>,,<-1>
gtmpcnut,08/10/2010 06:00,2,1,,0.079,0,0.196,0,0.0177,<-4> [SBL],0.0100,<-4> [SBL],,<-4> [SCB],0.0035,0,,<-4> [SCB],0.498,0,24.6,0,19.9,0,8.8,0,5.81,0,92.3,0,,<-1>,25.0,0,,<-1>,,<-1>,9.1,0,45.9,0,,<-1>,,<-1>,,<-1>,,<-1>
gtmpcnut,08/10/2010 08:30,2,1,,0.064,0,0.177,0,0.0177,<-4> [SBL],0.0100,<-4> [SBL],,<-4> [SCB],0.0035,0,,<-4> [SCB],0.568,0,27.4,0,24.4,0,6.0,0,7.09,0,100.7,0,,<-1>,29.0,0,,<-1>,,<-1>,14.9,0,42.0,0,,<-1>,,<-1>,,<-1>,,<-1>
gtmpinut,08/10/2010 10:31,1,1,,0.026,0,0.087,<1> (CHB),0.076,0,0.0100,<-4> [SBL],,<-4> [SCB],0.0100,0,0.086,0,0.245,<1> [SRD],10.0,0,8.9,0,2.2,0,2.03,0,133.7,0,29.4,0,34.4,0,4.7,0,6.5,<0> (CSM),6.5,0,60.7,0,0.9,0,1642.0,0,186.8,0,2.174,0
gtmpinut,08/10/2010 10:32,1,2,,0.022,0,0.093,<1> (CHB),0.054,0,0.0100,<-4> [SBL],,<-4> [SCB],0.0111,0,0.065,0,0.666,<1> [SRD],10.3,0,9.4,0,1.9,0,2.16,0,106.7,0,29.4,0,34.4,0,4.7,0,6.5,<0> (CSM),6.5,0,18.1,0,0.9,0,1642.0,0,186.8,0,2.174,0
gtmpcnut,08/10/2010 11:00,2,1,,0.039,0,0.181,0,0.0177,<-4> [SBL],0.0100,<-4> [SBL],,<-4> [SCB],0.0032,0,,<-4> [SCB],0.491,0,34.6,0,30.6,0,7.8,0,7.22,0,184.3,0,,<-1>,34.0,0,,<-1>,,<-1>,27.1,0,29.0,0,,<-1>,,<-1>,,<-1>,,<-1>
gtmssnut,08/10/2010 11:51,1,1,,0.021,0,0.034,0,0.056,0,0.0100,<-4> [SBL],,<-4> [SCB],0.0122,0,0.068,0,0.187,<1> [SRD],8.2,0,6.7,0,2.8,0,1.24,0,89.0,0,29.3,0,34.1,0,6.2,0,6.5,<0> (CSM),16.0,0,9.6,0,0.5,0,280.7,0,8.7,0,3.474,0
gtmssnut,08/10/2010 11:52,1,2,,0.021,0,0.045,0,0.080,0,0.0100,<-4> [SBL],,<-4> [SCB],0.0134,0,0.093,0,0.399,<1> [SRD],9.3,0,7.2,0,4.0,0,0.62,0,88.4,0,29.3,0,34.1,0,6.2,0,6.5,<0> (CSM),19.8,0,11.4,0,0.5,0,280.7,0,8.7,0,3.474,0
gtmfmnut,08/10/2010 12:57,1,1,,0.074,<-3> [GQD] (CSM),0.056,<1> (CSM),0.460,<-3> [GQD] (CSM),0.0100,<-4> [SBL],,<-4> [SCB],0.1017,<-3> [GQD] (CSM),0.562,<-3> [GCR] (CSM),0.167,0,6.7,0,6.2,0,1.0,0,1.73,0,71.6,0,28.9,0,34.3,0,6.1,0,6.5,<0> (CSM),5.9,0,57.7,<1> (CSM),1.0,0,1721.0,0,342.0,0,1.616,0
gtmfmnut,08/10/2010 12:58,1,2,,0.022,0,0.056,0,0.058,0,0.0100,<-4> [SBL],,<-4> [SCB],0.0130,0,0.071,0,0.163,0,7.3,0,6.9,0,0.8,0,2.69,0,61.8,0,28.9,0,34.3,0,6.1,0,6.5,<0> (CSM),5.5,0,10.4,0,1.0,0,1721.0,0,342.0,0,1.616,0
gtmpcnut,08/10/2010 13:30,2,1,,0.044,0,0.138,0,0.0177,<-4> [SBL],0.0100,<-4> [SBL],,<-4> [SCB],0.0036,0,,<-4> [SCB],0.419,0,26.8,0,23.7,0,6.1,0,4.06,0,134.3,0,,<-1>,32.0,0,,<-1>,,<-1>,8.6,0,35.8,0,,<-1>,,<-1>,,<-1>,,<-1>
gtmpcnut,08/10/2010 14:36,1,1,,0.061,0,0.185,0,0.034,0,0.0100,<-4> [SBL],,<-4> [SCB],0.0040,0,0.038,0,0.547,0,25.2,0,21.4,0,7.2,0,4.18,0,123.0,0,31.4,0,27.5,0,6.7,0,6.5,<0> (CSM),15.2,0,48.0,0,0.5,0,1670.0,0,57.2,0,3.374,0
gtmpcnut,08/10/2010 14:37,1,2,,0.061,0,0.196,0,0.031,0,0.0100,<-4> [SBL],,<-4> [SCB],0.0038,0,0.035,0,0.574,0,30.3,0,26.1,0,8.1,0,2.50,0,130.7,0,31.4,0,27.5,0,6.7,0,6.5,<0> (CSM),15.4,0,50.4,0,0.5,0,1670.0,0,57.2,0,3.374,0
gtmpcnut,09/06/2010 11:37,2,1,,0.035,0,0.150,0,0.018,0,0.0100,<-4> [SBL],,<-4> [SCB],0.0041,0,0.022,0,0.719,0,25.2,0,20.1,0,9.5,0,4.46,0,84.0,0,,<-1>,27.0,0,,<-1>,,<-1>,18.5,0,39.7,0,,<-1>,,<-1>,,<-1>,,<-1>
gtmpcnut,09/06/2010 14:07,2,1,,0.044,0,0.127,0,0.0177,<-4> [SBL] (CHB),0.0100,<-4> [SBL],,<-4> [SCB],0.0035,0,,<-4> [SCB],0.620,0,25.0,0,20.8,0,8.0,0,6.26,0,67.3,0,,<-1>,24.0,0,,<-1>,,<-1>,12.0,0,45.8,0,,<-1>,,<-1>,,<-1>,,<-1>
gtmpcnut,09/06/2010 16:37,2,1,,0.048,0,0.125,0,0.0177,<-4> [SBL] (CHB),0.0100,<-4> [SBL],,<-4> [SCB],0.0040,0,,<-4> [SCB],0.632,0,25.6,0,22.1,0,6.8,0,5.50,0,63.3,0,,<-1>,21.0,0,,<-1>,,<-1>,10.5,0,49.4,0,,<-1>,,<-1>,,<-1>,,<-1>
gtmpcnut,09/06/2010 19:07,2,1,,0.038,0,0.150,0,0.0177,<-4> [SBL] (CHB),0.0100,<-4> [SBL],,<-4> [SCB],0.0044,0,,<-4> [SCB],0.686,0,25.6,0,20.6,0,9.5,0,6.13,0,76.7,0,,<-1>,26.0,0,,<-1>,,<-1>,23.1,0,40.7,0,,<-1>,,<-1>,,<-1>,,<-1>
gtmpcnut,09/06/2010 21:37,2,1,,0.025,0,0.126,0,0.031,0,0.0100,<-4> [SBL],,<-4> [SCB],0.0025,0,0.034,0,0.651,0,16.2,0,12.1,0,7.6,0,4.06,0,85.3,0,,<-1>,33.0,0,,<-1>,,<-1>,17.9,0,26.2,0,,<-1>,,<-1>,,<-1>,,<-1>
gtmpcnut,09/07/2010 00:07,2,1,,0.028,0,0.071,0,0.0177,<-4> [SBL],0.0100,<-4> [SBL],,<-4> [SCB],0.0027,0,,<-4> [SCB],0.521,0,16.1,0,12.7,0,6.2,0,5.18,0,84.3,0,,<-1>,31.0,0,,<-1>,,<-1>,12.4,0,31.8,0,,<-1>,,<-1>,,<-1>,,<-1>
gtmpcnut,09/07/2010 02:37,2,1,,0.041,0,0.110,0,0.026,0,0.0100,<-4> [SBL],,<-4> [SCB],0.0037,0,0.030,0,0.537,0,20.2,0,17.6,0,5.0,0,5.67,0,72.3,0,,<-1>,25.0,0,,<-1>,,<-1>,9.7,0,45.1,0,,<-1>,,<-1>,,<-1>,,<-1>
gtmpcnut,09/07/2010 05:07,2,1,,0.044,0,0.109,0,0.024,0,0.0100,<-4> [SBL],,<-4> [SCB],0.0048,0,0.029,0,0.534,0,19.7,0,16.3,0,6.4,0,6.44,0,63.3,0,,<-1>,22.0,0,,<-1>,,<-1>,7.8,0,48.7,0,,<-1>,,<-1>,,<-1>,,<-1>
gtmpcnut,09/07/2010 07:37,2,1,,0.039,0,0.126,0,0.036,0,0.0100,<-4> [SBL],,<-4> [SCB],0.0039,0,0.040,0,0.574,0,21.5,0,18.1,0,6.5,0,4.24,0,105.0,0,,<-1>,26.0,0,,<-1>,,<-1>,24.2,0,43.9,0,,<-1>,,<-1>,,<-1>,,<-1>
gtmpcnut,09/07/2010 10:07,2,1,,0.027,0,0.097,0,0.064,0,0.0100,<-4> [SBL],,<-4> [SCB],0.0059,0,0.070,0,0.561,0,23.5,0,18.5,0,9.3,0,3.79,0,94.3,0,,<-1>,33.0,0,,<-1>,,<-1>,14.5,0,27.8,0,,<-1>,,<-1>,,<-1>,,<-1>
gtmpinut,09/07/2010 10:31,1,1,,0.021,0,0.072,<1> (CHB),0.160,0,0.0100,<-4> [SBL],,<-4> [SCB],0.0111,0,0.171,0,0.559,0,12.5,0,9.4,0,5.7,0,1.00,0,80.2,0,28.9,0,34.7,0,4.2,0,6.5,<0> (CSM),12.4,0,14.7,0,0.5,0,1478.0,0,83.0,0,2.880,0
gtmpinut,09/07/2010 10:32,1,2,,0.021,0,0.078,<1> (CHB),0.183,0,0.0100,<-4> [SBL],,<-4> [SCB],0.0118,0,0.195,0,0.556,0,12.6,0,10.0,0,4.7,0,2.29,0,87.2,0,28.9,0,34.7,0,4.2,0,6.5,<0> (CSM),14.8,0,20.6,0,0.5,0,1478.0,0,83.0,0,2.880,0
gtmssnut,09/07/2010 11:51,1,1,,0.029,0,0.087,<1> (CHB),0.188,0,0.0100,<-4> [SBL],,<-4> [SCB],0.0265,0,0.214,0,0.430,0,8.2,0,6.5,0,3.2,0,2.02,0,57.0,0,29.3,0,34.1,0,4.8,0,6.5,<0> (CSM),13.3,0,10.8,0,0.8,0,1920.0,0,134.6,0,2.658,0
gtmssnut,09/07/2010 11:52,1,2,,0.024,0,0.087,<1> (CHB),0.161,0,0.0100,<-4> [SBL],,<-4> [SCB],0.0208,0,0.182,0,0.452,0,8.0,0,6.5,0,2.8,0,1.82,0,68.8,0,29.3,0,34.1,0,4.8,0,6.5,<0> (CSM),17.9,0,8.0,0,0.8,0,1920.0,0,134.6,0,2.658,0
gtmpcnut,09/07/2010 12:37,2,1,,0.031,0,0.093,0,0.028,0,0.0100,<-4> [SBL],,<-4> [SCB],0.0030,0,0.031,0,0.631,0,26.6,0,22.8,0,7.3,0,4.01,0,70.7,0,,<-1>,31.0,0,,<-1>,,<-1>,10.0,0,33.7,0,,<-1>,,<-1>,,<-1>,,<-1>
gtmfmnut,09/07/2010 13:06,1,1,,0.016,0,0.061,0,0.157,0,0.0100,<-4> [SBL],,<-4> [SCB],0.0134,0,0.170,0,0.472,0,4.9,0,4.5,0,0.8,0,1.39,0,55.8,<1> [SRD],28.5,0,34.0,0,6.6,0,6.5,<0> (CSM),2.8,0,11.5,0,1.0,0,1827.0,0,351.9,0,1.647,0
gtmfmnut,09/07/2010 13:07,1,2,,0.017,0,0.043,0,0.120,0,0.0100,<-4> [SBL],,<-4> [SCB],0.0118,0,0.132,0,0.363,0,4.7,0,4.2,0,0.9,0,1.27,0,32.0,<1> [SRD],28.5,0,34.0,0,6.6,0,6.5,<0> (CSM),5.2,0,6.5,0,1.0,0,1827.0,0,351.9,0,1.647,0
gtmpcnut,09/07/2010 15:01,1,1,,0.043,0,0.117,0,0.0177,<-4> [SBL],0.0100,<-4> [SBL],,<-4> [SCB],0.0060,0,,<-4> [SCB],0.621,0,27.1,0,24.1,0,6.0,0,4.88,0,56.0,0,30.4,0,20.4,0,6.5,0,6.5,<0> (CSM),10.8,0,53.4,0,0.8,0,1246.0,0,14.8,0,4.433,0
gtmpcnut,09/07/2010 15:02,1,2,,0.043,0,0.124,0,0.0177,<-4> [SBL],0.0100,<-4> [SBL],,<-4> [SCB],0.0039,0,,<-4> [SCB],0.770,0,26.6,0,24.1,0,5.0,0,5.99,0,39.7,0,30.4,0,20.4,0,6.5,0,6.5,<0> (CSM),10.9,0,49.4,0,0.8,0,1246.0,0,14.8,0,4.433,0
gtmpcnut,10/04/2010 11:00,2,1,,0.025,0,0.075,0,0.0177,<-4> [SBL],0.0100,<-4> [SBL],,<-4> [SCB],0.0049,0,,<-4> [SCB],0.605,0,10.0,0,8.3,0,3.3,0,4.34,0,35.6,0,,<-1>,29.0,0,,<-1>,,<-1>,6.8,0,36.7,0,,<-1>,,<-1>,,<-1>,,<-1>
gtmpcnut,10/04/2010 13:30,2,1,,0.029,0,0.063,0,0.0177,<-4> [SBL],0.0100,<-4> [SBL],,<-4> [SCB],0.0034,0,,<-4> [SCB],0.577,0,12.3,0,10.5,0,3.5,0,5.67,0,27.8,0,,<-1>,27.0,0,,<-1>,,<-1>,5.6,0,42.8,0,,<-1>,,<-1>,,<-1>,,<-1>
gtmpcnut,10/04/2010 16:00,2,1,,0.027,0,0.063,0,0.0177,<-4> [SBL],0.0100,<-4> [SBL],,<-4> [SCB],0.0039,0,,<-4> [SCB],0.608,0,11.1,0,9.2,0,3.7,0,4.97,0,34.8,0,,<-1>,28.0,0,,<-1>,,<-1>,9.9,0,36.7,0,,<-1>,,<-1>,,<-1>,,<-1>
gtmpcnut,10/04/2010 18:30,2,1,,0.022,0,0.050,0,0.0177,<-4> [SBL],0.0100,<-4> [SBL],,<-4> [SCB],0.0059,0,,<-4> [SCB],0.576,0,12.0,0,8.0,0,7.1,0,4.29,0,92.0,0,,<-1>,33.0,0,,<-1>,,<-1>,24.1,0,27.7,0,,<-1>,,<-1>,,<-1>,,<-1>
gtmpcnut,10/04/2010 21:00,2,1,,0.019,0,0.065,0,0.0177,<-4> [SBL],0.0100,<-4> [SBL],,<-4> [SCB],0.0040,0,,<-4> [SCB],0.564,0,7.0,0,5.1,0,3.4,0,3.56,0,41.8,0,,<-1>,31.0,0,,<-1>,,<-1>,9.1,0,21.4,0,,<-1>,,<-1>,,<-1>,,<-1>
gtmpcnut,10/04/2010 23:30,2,1,,0.021,0,0.071,0,0.0177,<-4> [SBL],0.0100,<-4> [SBL],,<-4> [SCB],0.0044,0,,<-4> [SCB],0.662,0,8.6,0,6.5,0,4.0,0,3.66,0,54.4,0,,<-1>,33.0,0,,<-1>,,<-1>,13.3,0,31.9,0,,<-1>,,<-1>,,<-1>,,<-1>
gtmpcnut,10/05/2010 02:00,2,1,,0.028,0,0.069,0,0.0177,<-4> [SBL],0.0100,<-4> [SBL],,<-4> [SCB],0.0035,0,,<-4> [SCB],0.446,0,9.3,0,7.6,0,3.2,0,4.96,0,26.0,0,,<-1>,27.0,0,,<-1>,,<-1>,6.3,0,38.0,0,,<-1>,,<-1>,,<-1>,,<-1>
gtmpcnut,10/05/2010 04:30,2,1,,0.027,0,0.058,0,0.0177,<-4> [SBL],0.0100,<-4> [SBL],,<-4> [SCB],0.0041,0,,<-4> [SCB],0.462,0,9.7,0,8.3,0,2.8,0,4.28,0,25.4,0,,<-1>,28.0,0,,<-1>,,<-1>,6.3,0,38.4,0,,<-1>,,<-1>,,<-1>,,<-1>
gtmpcnut,10/05/2010 07:00,2,1,,0.023,0,0.058,0,0.0177,<-4> [SBL],0.0100,<-4> [SBL],,<-4> [SCB],0.0050,0,,<-4> [SCB],0.550,0,12.3,0,8.5,0,7.0,0,3.75,0,98.0,0,,<-1>,34.0,0,,<-1>,,<-1>,1.9,0,29.3,0,,<-1>,,<-1>,,<-1>,,<-1>
gtmpinut,10/05/2010 08:45,1,1,,0.017,0,0.058,0,0.046,0,0.0100,<-4> [SBL],,<-4> [SCB],0.0205,0,0.066,0,0.600,0,6.0,0,4.5,0,2.8,0,1.96,0,47.2,0,23.8,0,34.3,0,5.5,0,6.5,<0> (CSM),8.3,0,8.7,0,1.0,0,1305.0,0,179.3,0,1.985,0
gtmpinut,10/05/2010 08:46,1,2,,0.018,0,0.056,0,0.055,0,0.0100,<-4> [SBL],,<-4> [SCB],0.0225,0,0.078,0,0.526,0,6.0,0,4.7,0,2.4,0,2.06,0,46.4,0,23.8,0,34.3,0,5.5,0,6.5,<0> (CSM),8.0,0,10.1,0,1.0,0,1305.0,0,179.3,0,1.985,0
gtmpcnut,10/05/2010 09:30,2,1,,0.020,0,0.072,0,0.0177,<-4> [SBL],0.0100,<-4> [SBL],,<-4> [SCB],0.0050,0,,<-4> [SCB],0.574,0,11.3,0,9.6,0,3.3,0,3.47,0,40.4,0,,<-1>,35.0,0,,<-1>,,<-1>,7.2,0,21.3,0,,<-1>,,<-1>,,<-1>,,<-1>
gtmssnut,10/05/2010 10:20,1,1,,0.012,0,0.058,0,0.0177,<-4> [SBL],0.0100,<-4> [SBL],,<-4> [SCB],0.0166,0,,<-4> [SCB],0.286,0,7.5,0,6.2,0,2.4,0,0.62,0,58.4,0,24.4,0,34.3,0,6.6,0,6.5,<0> (CSM),10.8,0,5.6,0,0.8,0,1599.0,0,207.6,0,2.042,0
gtmssnut,10/05/2010 10:21,1,2,,0.018,0,0.056,0,0.024,0,0.0100,<-4> [SBL],,<-4> [SCB],0.0271,0,0.051,0,0.425,0,7.0,0,5.8,0,2.2,0,2.52,0,58.2,0,24.4,0,34.3,0,6.6,0,6.5,<0> (CSM),11.5,0,16.4,<-3> [GQD],0.8,0,1599.0,0,207.6,0,2.042,0
gtmfmnut,10/05/2010 11:30,1,1,,0.014,0,0.053,0,0.018,0,0.0100,<-4> [SBL],,<-4> [SCB],0.0173,0,0.035,0,0.352,0,5.0,0,4.5,0,1.0,0,2.18,0,36.0,0,23.4,0,34.7,0,6.6,0,6.5,<0> (CSM),6.4,0,7.1,0,1.0,0,731.0,0,148.9,0,1.591,0
gtmfmnut,10/05/2010 11:31,1,2,,0.015,0,0.050,0,0.020,0,0.0100,<-4> [SBL],,<-4> [SCB],0.0208,0,0.041,0,0.342,0,4.7,0,4.0,0,1.3,0,2.12,0,31.0,0,23.4,0,34.7,0,6.6,0,6.5,<0> (CSM),6.6,0,6.0,0,1.0,0,731.0,0,148.9,0,1.591,0
gtmpcnut,10/05/2010 12:00,2,1,,0.022,0,0.083,0,0.0177,<-4> [SBL],0.0100,<-4> [SBL],,<-4> [SCB],0.0027,0,,<-4> [SCB],0.544,0,12.8,0,10.9,0,3.5,0,3.07,0,46.4,0,,<-1>,33.0,0,,<-1>,,<-1>,8.6,0,28.5,0,,<-1>,,<-1>,,<-1>,,<-1>
gtmpcnut,10/05/2010 13:30,1,1,,0.026,0,0.075,0,0.0177,<-4> [SBL],0.0100,<-4> [SBL],,<-4> [SCB],0.0048,0,,<-4> [SCB],0.722,0,12.3,0,10.5,0,3.5,0,3.92,0,47.8,0,24.1,0,27.3,0,6.3,0,6.5,<0> (CSM),8.8,0,31.0,0,,<-2> [GDM],495.7,0,12.2,0,3.704,0
gtmpcnut,10/05/2010 13:31,1,2,,0.026,0,0.051,0,0.0177,<-4> [SBL],0.0100,<-4> [SBL],,<-4> [SCB],0.0073,0,,<-4> [SCB],0.659,0,12.2,0,10.5,0,3.3,0,4.72,0,35.4,0,24.1,0,27.3,0,6.3,0,6.5,<0> (CSM),8.5,0,30.2,0,,<-2> [GDM],495.7,0,12.2,0,3.704,0
gtmpcnut,11/08/2010 14:00,2,1,,0.018,0,0.123,0,0.041,0,0.0100,<-4> [SBL],,<-4> [SCB],0.0113,0,0.052,0,0.245,0,5.5,0,4.9,0,1.2,0,2.17,0,44.2,0,,<-1>,34.0,0,,<-1>,,<-1>,6.8,0,22.6,0,,<-1>,,<-1>,,<-1>,,<-1>
gtmpcnut,11/08/2010 16:30,2,1,,0.023,0,0.074,0,0.032,0,0.0100,<-4> [SBL],,<-4> [SCB],0.0062,0,0.038,0,0.427,0,10.1,0,8.7,0,2.7,0,2.31,0,42.8,0,,<-1>,31.0,0,,<-1>,,<-1>,5.7,0,33.2,0,,<-1>,,<-1>,,<-1>,,<-1>
gtmpcnut,11/08/2010 19:00,2,1,,0.025,0,0.075,0,0.027,0,0.0100,<-4> [SBL],,<-4> [SCB],0.0046,0,0.032,0,0.390,0,10.8,0,9.6,0,2.3,0,3.77,0,34.4,0,,<-1>,21.0,0,,<-1>,,<-1>,4.4,0,35.7,0,,<-1>,,<-1>,,<-1>,,<-1>
gtmpcnut,11/08/2010 21:30,2,1,,0.029,0,0.081,0,0.022,0,0.0100,<-4> [SBL],,<-4> [SCB],0.0050,0,0.027,0,0.434,0,12.0,0,10.3,0,3.4,0,3.85,0,19.8,0,,<-1>,25.0,0,,<-1>,,<-1>,4.3,0,36.2,0,,<-1>,,<-1>,,<-1>,,<-1>
gtmpcnut,11/09/2010 00:00,2,1,,0.023,0,0.083,0,0.033,0,0.0100,<-4> [SBL],,<-4> [SCB],0.0069,0,0.040,0,0.381,0,8.0,0,6.9,0,2.1,0,3.34,0,29.2,0,,<-1>,30.0,0,,<-1>,,<-1>,5.7,0,31.5,0,,<-1>,,<-1>,,<-1>,,<-1>
gtmpcnut,11/09/2010 02:30,2,1,,0.026,0,0.062,0,0.038,0,0.0100,<-4> [SBL],,<-4> [SCB],0.0069,0,0.045,0,0.373,0,8.4,0,7.2,0,2.3,0,3.31,0,25.8,0,,<-1>,29.0,0,,<-1>,,<-1>,2.4,0,32.1,0,,<-1>,,<-1>,,<-1>,,<-1>
gtmpcnut,11/09/2010 05:00,2,1,,,<-2> [GDM] (CSM),,<-2> [GDM] (CSM),,<-2> [GDM] (CSM),,<-2> [GDM] (CSM),,<-2> [GCM] (CSM),,<-2> [GDM] (CSM),,<-2> [GCM] (CSM),,<-2> [GDM] (CSM),,<-2> [GDM] (CSM),,<-2> [GDM] (CSM),,<-2> [GDM] (CSM),,<-2> [GDM] (CSM),,<-2> [GDM] (CSM),,<-1>,,<-2> [GDM] (CSM),,<-1>,,<-1>,,<-2> [GDM] (CSM),,<-2> [GDM] (CSM),,<-1>,,<-1>,,<-1>,,<-1>
gtmpcnut,11/09/2010 07:30,2,1,,,<-2> [GDM] (CSM),,<-2> [GDM] (CSM),,<-2> [GDM] (CSM),,<-2> [GDM] (CSM),,<-2> [GCM] (CSM),,<-2> [GDM] (CSM),,<-2> [GCM] (CSM),,<-2> [GDM] (CSM),,<-2> [GDM] (CSM),,<-2> [GDM] (CSM),,<-2> [GDM] (CSM),,<-2> [GDM] (CSM),,<-2> [GDM] (CSM),,<-1>,,<-2> [GDM] (CSM),,<-1>,,<-1>,,<-2> [GDM] (CSM),,<-2> [GDM] (CSM),,<-1>,,<-1>,,<-1>,,<-1>
gtmpcnut,11/09/2010 10:00,2,1,,,<-2> [GDM] (CSM),,<-2> [GDM] (CSM),,<-2> [GDM] (CSM),,<-2> [GDM] (CSM),,<-2> [GCM] (CSM),,<-2> [GDM] (CSM),,<-2> [GCM] (CSM),,<-2> [GDM] (CSM),,<-2> [GDM] (CSM),,<-2> [GDM] (CSM),,<-2> [GDM] (CSM),,<-2> [GDM] (CSM),,<-2> [GDM] (CSM),,<-1>,,<-2> [GDM] (CSM),,<-1>,,<-1>,,<-2> [GDM] (CSM),,<-2> [GDM] (CSM),,<-1>,,<-1>,,<-1>,,<-1>
gtmpcnut,11/09/2010 12:30,2,1,,,<-2> [GDM] (CSM),,<-2> [GDM] (CSM),,<-2> [GDM] (CSM),,<-2> [GDM] (CSM),,<-2> [GCM] (CSM),,<-2> [GDM] (CSM),,<-2> [GCM] (CSM),,<-2> [GDM] (CSM),,<-2> [GDM] (CSM),,<-2> [GDM] (CSM),,<-2> [GDM] (CSM),,<-2> [GDM] (CSM),,<-2> [GDM] (CSM),,<-1>,,<-2> [GDM] (CSM),,<-1>,,<-1>,,<-2> [GDM] (CSM),,<-2> [GDM] (CSM),,<-1>,,<-1>,,<-1>,,<-1>
gtmpinut,11/09/2010 13:00,1,1,,0.005,0,0.043,0,0.058,0,0.0100,<-4> [SBL],,<-4> [SCB],0.0059,0,0.064,0,0.272,0,5.9,0,5.4,0,1.1,0,0.79,0,23.8,0,17.5,0,35.1,0,8.3,0,6.5,<0> (CSM),4.8,0,8.8,0,1.2,0,1461.0,0,491.2,0,1.090,0
gtmpinut,11/09/2010 13:01,1,2,,0.010,0,0.038,0,0.042,0,0.0100,<-4> [SBL],,<-4> [SCB],0.0090,0,0.051,0,0.259,0,5.8,0,5.4,0,0.9,0,0.81,0,30.6,0,17.5,0,35.1,0,8.3,0,6.5,<0> (CSM),4.8,0,10.2,0,1.2,0,1461.0,0,491.2,0,1.090,0
gtmssnut,11/09/2010 14:00,1,1,,0.007,0,0.052,0,0.026,0,0.0100,<-4> [SBL],,<-4> [SCB],0.0084,0,0.034,0,0.205,0,6.2,0,5.6,0,1.3,0,1.14,0,34.2,0,20.1,0,34.3,0,8.1,0,6.5,<0> (CSM),6.2,0,3.9,0,1.0,0,1271.0,0,272.8,0,1.539,0
gtmssnut,11/09/2010 14:01,1,2,,0.006,0,0.052,0,0.039,0,0.0100,<-4> [SBL],,<-4> [SCB],0.0097,0,0.049,0,0.191,0,5.5,0,4.7,0,1.6,0,0.74,0,34.4,0,20.1,0,34.3,0,8.1,0,6.5,<0> (CSM),6.2,0,6.9,0,1.0,0,1271.0,0,272.8,0,1.539,0
gtmpcnut,11/09/2010 15:00,2,1,,,<-2> [GDM] (CSM),,<-2> [GDM] (CSM),,<-2> [GDM] (CSM),,<-2> [GDM] (CSM),,<-2> [GCM] (CSM),,<-2> [GDM] (CSM),,<-2> [GCM] (CSM),,<-2> [GDM] (CSM),,<-2> [GDM] (CSM),,<-2> [GDM] (CSM),,<-2> [GDM] (CSM),,<-2> [GDM] (CSM),,<-2> [GDM] (CSM),,<-1>,,<-2> [GDM] (CSM),,<-1>,,<-1>,,<-2> [GDM] (CSM),,<-2> [GDM] (CSM),,<-1>,,<-1>,,<-1>,,<-1>
gtmfmnut,11/09/2010 15:11,1,1,,0.011,0,0.058,0,0.050,0,0.0100,<-4> [SBL],,<-4> [SCB],0.0158,0,0.066,0,0.223,0,3.1,0,2.9,0,0.5,0,1.61,0,31.6,0,17.6,0,34.2,0,10.5,0,6.5,<0> (CSM),5.6,0,5.7,0,1.0,0,622.4,0,167.7,0,1.311,0
gtmfmnut,11/09/2010 15:12,1,2,,0.011,0,0.062,0,0.058,0,0.0100,<-4> [SBL],,<-4> [SCB],0.0177,0,0.076,0,0.226,0,3.3,0,3.1,0,0.4,0,1.52,0,30.2,0,17.6,0,34.2,0,10.5,0,6.5,<0> (CSM),5.6,0,6.1,0,1.0,0,622.4,0,167.7,0,1.311,0
gtmpcnut,11/09/2010 17:45,1,1,,0.023,0,0.087,0,0.026,0,0.0100,<-4> [SBL],,<-4> [SCB],0.0052,0,0.031,0,0.450,0,11.7,0,10.3,0,2.8,0,2.91,0,45.2,0,16.0,0,25.6,0,15.2,0,6.5,<0> (CSM),3.8,0,30.8,0,0.8,0,411.1,0,5.9,0,4.244,0
gtmpcnut,11/09/2010 17:46,1,2,,0.026,0,0.085,0,0.024,0,0.0100,<-4> [SBL],,<-4> [SCB],0.0047,0,0.029,0,0.345,0,11.7,0,10.0,0,3.1,0,2.46,0,38.2,0,16.0,0,25.6,0,15.2,0,6.5,<0> (CSM),3.8,0,35.6,0,0.8,0,411.1,0,5.9,0,4.244,0
gtmpinut,12/07/2010 12:00,1,1,,0.011,0,0.044,<1> (CHB),0.041,0,0.0100,<-4> [SBL],,<-4> [SCB],0.0071,0,0.048,0,0.209,0,7.6,0,6.7,0,1.8,0,0.56,0,52.2,0,13.1,0,35.0,0,8.2,0,6.5,<0> (CSM),5.4,0,6.0,0,1.3,0,861.2,0,463.2,0,0.620,0
gtmpinut,12/07/2010 12:01,1,2,,0.010,0,0.042,<1> (CHB),0.044,0,0.0100,<-4> [SBL],,<-4> [SCB],0.0052,0,0.049,0,0.184,0,7.4,0,6.7,0,1.3,0,0.43,0,50.0,0,13.1,0,35.0,0,8.2,0,6.5,<0> (CSM),5.6,0,6.7,0,1.3,0,861.2,0,463.2,0,0.620,0
gtmssnut,12/07/2010 13:20,1,1,,0.008,0,0.051,<1> (CHB),0.057,0,0.0100,<-4> [SBL],,<-4> [SCB],0.0097,0,0.067,0,0.120,0,5.1,0,4.9,0,0.6,0,0.50,0,27.8,0,14.3,0,34.4,0,8.8,0,6.5,<0> (CSM),3.6,0,4.2,0,1.3,0,1381.0,0,506.8,0,1.002,0
gtmssnut,12/07/2010 13:21,1,2,,0.007,0,0.050,<1> (CHB),0.061,0,0.0100,<-4> [SBL],,<-4> [SCB],0.0074,0,0.068,0,0.107,0,5.3,0,4.9,0,0.9,0,0.94,0,34.8,0,14.3,0,34.4,0,8.8,0,6.5,<0> (CSM),3.0,0,3.3,0,1.3,0,1381.0,0,506.8,0,1.002,0
gtmfmnut,12/07/2010 14:25,1,1,,0.009,0,0.087,<1> (CHB),0.048,0,0.0100,<-4> [SBL],,<-4> [SCB],0.0101,0,0.058,0,0.124,0,2.1,0,1.8,0,0.6,0,1.33,0,33.0,0,12.7,0,34.6,0,9.0,0,6.5,<0> (CSM),3.6,0,2.8,0,1.6,0,858.5,0,326.6,0,0.966,0
gtmfmnut,12/07/2010 14:26,1,2,,0.011,0,0.077,<1> (CHB),0.054,0,0.0100,<-4> [SBL],,<-4> [SCB],0.0178,0,0.072,0,0.053,0,2.1,0,2.0,0,0.2,0,0.78,0,45.0,0,12.7,0,34.6,0,9.0,0,6.5,<0> (CSM),2.6,0,3.2,0,1.6,0,858.5,0,326.6,0,0.966,0
gtmpcnut,12/07/2010 14:30,1,1,,0.027,0,0.057,<1> (CHB),0.026,0,0.0100,<-4> [SBL],,<-4> [SCB],0.0022,0,0.028,0,0.341,0,11.5,0,10.0,0,2.8,0,4.45,0,20.0,0,10.1,0,24.2,0,10.1,0,6.5,<0> (CSM),3.6,0,22.7,0,1.0,0,252.0,0,27.0,0,2.234,0
gtmpcnut,12/07/2010 14:31,1,2,,0.027,0,0.057,<1> (CHB),0.020,0,0.0100,<-4> [SBL],,<-4> [SCB],0.0027,0,0.023,0,0.371,0,10.9,0,9.6,0,2.6,0,3.88,0,20.0,0,10.1,0,24.2,0,10.1,0,6.5,<0> (CSM),3.4,0,23.7,0,1.0,0,252.0,0,27.0,0,2.234,0
gtmpcnut,12/07/2010 15:30,2,1,,0.013,0,0.063,<1> (CHB),0.030,0,0.0100,<-4> [SBL],,<-4> [SCB],0.0035,0,0.034,0,0.125,0,5.8,0,4.5,0,2.4,0,2.55,0,28.8,0,,<-1>,36.0,0,,<-1>,,<-1>,5.8,0,11.0,0,,<-1>,,<-1>,,<-1>,,<-1>
gtmpcnut,12/07/2010 18:00,2,1,,0.022,0,0.067,<1> (CHB),0.022,0,0.0100,<-4> [SBL],,<-4> [SCB],0.0033,0,0.025,0,0.178,0,11.1,0,9.6,0,2.9,0,3.44,0,35.0,0,,<-1>,31.0,0,,<-1>,,<-1>,6.6,0,18.7,0,,<-1>,,<-1>,,<-1>,,<-1>
gtmpcnut,12/07/2010 20:30,2,1,,0.027,0,0.067,<1> (CHB),0.018,0,0.0100,<-4> [SBL],,<-4> [SCB],0.0021,<-4> [SBL],,<-4> [SCB],0.164,0,12.3,0,11.4,0,2.0,0,4.75,0,26.8,0,,<-1>,26.0,0,,<-1>,,<-1>,4.6,0,23.8,0,,<-1>,,<-1>,,<-1>,,<-1>
gtmpcnut,12/07/2010 23:00,2,1,,0.026,0,0.075,<1> (CHB),0.028,0,0.0100,<-4> [SBL],,<-4> [SCB],0.0021,0,0.030,0,0.166,0,12.0,0,10.0,0,3.8,0,4.33,0,22.0,0,,<-1>,27.0,0,,<-1>,,<-1>,4.5,0,21.7,0,,<-1>,,<-1>,,<-1>,,<-1>
gtmpcnut,12/08/2010 01:30,2,1,,0.020,0,0.053,<1> (CHB),0.026,0,0.0100,<-4> [SBL],,<-4> [SCB],0.0036,0,0.030,0,0.156,0,10.0,0,8.7,0,2.5,0,3.31,0,26.4,0,,<-1>,31.0,0,,<-1>,,<-1>,5.6,0,20.4,0,,<-1>,,<-1>,,<-1>,,<-1>
gtmpcnut,12/08/2010 04:00,2,1,,0.024,0,0.051,<1> (CHB),0.027,0,0.0100,<-4> [SBL],,<-4> [SCB],0.0036,0,0.031,0,0.154,0,8.3,0,7.2,0,2.2,0,3.92,0,29.0,0,,<-1>,30.0,0,,<-1>,,<-1>,5.3,0,20.4,0,,<-1>,,<-1>,,<-1>,,<-1>
gtmpcnut,12/08/2010 06:30,2,1,,,<-2> [GDM] (CSM),,<-2> [GDM] (CSM),,<-2> [GDM] (CSM),,<-2> [GDM] (CSM),,<-2> [GCM] (CSM),,<-2> [GDM] (CSM),,<-2> [GCM] (CSM),,<-2> [GDM] (CSM),,<-2> [GDM] (CSM),,<-2> [GDM] (CSM),,<-2> [GDM] (CSM),,<-2> [GDM] (CSM),,<-2> [GDM] (CSM),,<-1>,,<-2> [GDM] (CSM),,<-1>,,<-1>,,<-2> [GDM] (CSM),,<-2> [GDM] (CSM),,<-1>,,<-1>,,<-1>,,<-1>
gtmpcnut,12/08/2010 09:00,2,1,,,<-2> [GDM] (CSM),,<-2> [GDM] (CSM),,<-2> [GDM] (CSM),,<-2> [GDM] (CSM),,<-2> [GCM] (CSM),,<-2> [GDM] (CSM),,<-2> [GCM] (CSM),,<-2> [GDM] (CSM),,<-2> [GDM] (CSM),,<-2> [GDM] (CSM),,<-2> [GDM] (CSM),,<-2> [GDM] (CSM),,<-2> [GDM] (CSM),,<-1>,,<-2> [GDM] (CSM),,<-1>,,<-1>,,<-2> [GDM] (CSM),,<-2> [GDM] (CSM),,<-1>,,<-1>,,<-1>,,<-1>
gtmpcnut,12/08/2010 11:30,2,1,,,<-2> [GDM] (CSM),,<-2> [GDM] (CSM),,<-2> [GDM] (CSM),,<-2> [GDM] (CSM),,<-2> [GCM] (CSM),,<-2> [GDM] (CSM),,<-2> [GCM] (CSM),,<-2> [GDM] (CSM),,<-2> [GDM] (CSM),,<-2> [GDM] (CSM),,<-2> [GDM] (CSM),,<-2> [GDM] (CSM),,<-2> [GDM] (CSM),,<-1>,,<-2> [GDM] (CSM),,<-1>,,<-1>,,<-2> [GDM] (CSM),,<-2> [GDM] (CSM),,<-1>,,<-1>,,<-1>,,<-1>
gtmpcnut,12/08/2010 14:00,2,1,,,<-2> [GDM] (CSM),,<-2> [GDM] (CSM),,<-2> [GDM] (CSM),,<-2> [GDM] (CSM),,<-2> [GCM] (CSM),,<-2> [GDM] (CSM),,<-2> [GCM] (CSM),,<-2> [GDM] (CSM),,<-2> [GDM] (CSM),,<-2> [GDM] (CSM),,<-2> [GDM] (CSM),,<-2> [GDM] (CSM),,<-2> [GDM] (CSM),,<-1>,,<-2> [GDM] (CSM),,<-1>,,<-1>,,<-2> [GDM] (CSM),,<-2> [GDM] (CSM),,<-1>,,<-1>,,<-1>,,<-1>
gtmpcnut,12/08/2010 16:30,2,1,,,<-2> [GDM] (CSM),,<-2> [GDM] (CSM),,<-2> [GDM] (CSM),,<-2> [GDM] (CSM),,<-2> [GCM] (CSM),,<-2> [GDM] (CSM),,<-2> [GCM] (CSM),,<-2> [GDM] (CSM),,<-2> [GDM] (CSM),,<-2> [GDM] (CSM),,<-2> [GDM] (CSM),,<-2> [GDM] (CSM),,<-2> [GDM] (CSM),,<-1>,,<-2> [GDM] (CSM),,<-1>,,<-1>,,<-2> [GDM] (CSM),,<-2> [GDM] (CSM),,<-1>,,<-1>,,<-1>,,<-1>
gtmpcnut,12/20/2010 11:00,2,1,,0.011,0,0.040,0,0.0177,<-4> [SBL] (CHB),0.0100,<-4> [SBL],,<-4> [SCB],0.0027,0,,<-4> [SCB],0.248,0,4.5,0,3.4,0,2.1,0,1.60,0,52.8,0,,<-1>,34,0,,<-1>,,<-1>,3.3,0,12.8,0,,<-1>,,<-1>,,<-1>,,<-1>
gtmpcnut,12/20/2010 13:30,2,1,,0.016,0,0.066,0,0.0177,<-4> [SBL] (CHB),0.0100,<-4> [SBL],,<-4> [SCB],0.0033,0,,<-4> [SCB],0.143,0,10.1,0,8.5,0,3.1,0,2.69,0,54.4,0,,<-1>,30,0,,<-1>,,<-1>,5.3,0,14.6,0,,<-1>,,<-1>,,<-1>,,<-1>
gtmpcnut,12/20/2010 16:00,2,1,,0.018,0,0.065,0,0.0177,<-4> [SBL] (CHB),0.0100,<-4> [SBL],,<-4> [SCB],0.0052,0,,<-4> [SCB],0.172,0,14.2,0,12.1,0,4.0,0,3.48,0,46.8,0,,<-1>,27,0,,<-1>,,<-1>,5.7,0,17.2,0,,<-1>,,<-1>,,<-1>,,<-1>
gtmpcnut,12/20/2010 18:30,2,1,,0.019,0,0.045,0,0.0177,<-4> [SBL] (CHB),0.0100,<-4> [SBL],,<-4> [SCB],0.0077,0,,<-4> [SCB],0.347,0,15.9,0,13.2,0,5.2,0,3.82,0,58.0,0,,<-1>,26,0,,<-1>,,<-1>,5.6,0,17.7,0,,<-1>,,<-1>,,<-1>,,<-1>
gtmpcnut,12/20/2010 21:00,2,1,,0.018,0,0.044,0,0.0177,<-4> [SBL] (CHB),0.0100,<-4> [SBL],,<-4> [SCB],0.0034,0,,<-4> [SCB],0.344,0,11.3,0,9.8,0,2.9,0,3.51,0,38.8,0,,<-1>,29,0,,<-1>,,<-1>,4.6,0,17.0,0,,<-1>,,<-1>,,<-1>,,<-1>
gtmpcnut,12/20/2010 23:30,2,1,,0.017,0,0.065,0,0.0177,<-4> [SBL] (CHB),0.0100,<-4> [SBL],,<-4> [SCB],0.0021,<-4> [SBL],,<-4> [SCB],0.282,0,11.6,0,10.3,0,2.6,0,2.81,0,38.8,0,,<-1>,30,0,,<-1>,,<-1>,4.6,0,15.4,0,,<-1>,,<-1>,,<-1>,,<-1>
gtmpcnut,12/21/2010 02:00,2,1,,0.017,0,0.059,0,0.022,<1> (CHB),0.0100,<-4> [SBL],,<-4> [SCB],0.0021,<-4> [SBL],,<-4> [SCB] (CHB),0.230,0,14.7,0,12.7,0,3.8,0,3.60,0,40.0,0,,<-1>,27,0,,<-1>,,<-1>,5.4,0,18.7,0,,<-1>,,<-1>,,<-1>,,<-1>
gtmpcnut,12/21/2010 04:30,2,1,,0.018,0,0.071,0,0.025,<1> (CHB),0.0100,<-4> [SBL],,<-4> [SCB],0.0021,<-4> [SBL],,<-4> [SCB] (CHB),0.285,0,14.0,0,11.4,0,4.8,0,2.78,0,37.2,0,,<-1>,28,0,,<-1>,,<-1>,5.4,0,20.4,0,,<-1>,,<-1>,,<-1>,,<-1>
gtmpcnut,12/21/2010 07:00,2,1,,0.020,0,0.088,0,0.0177,<-4> [SBL] (CHB),0.0100,<-4> [SBL],,<-4> [SCB],0.0021,<-4> [SBL],,<-4> [SCB],0.316,0,18.3,0,15.9,0,4.7,0,3.70,0,33.6,0,,<-1>,25,0,,<-1>,,<-1>,5.2,0,22.8,0,,<-1>,,<-1>,,<-1>,,<-1>
gtmpcnut,12/21/2010 09:30,2,1,,0.018,0,0.057,0,0.026,<1> (CHB),0.0100,<-4> [SBL],,<-4> [SCB],0.0021,<-4> [SBL],,<-4> [SCB] (CHB),0.328,0,11.0,0,9.6,0,2.8,0,2.33,0,33.2,0,,<-1>,29,0,,<-1>,,<-1>,4.6,0,17.7,0,,<-1>,,<-1>,,<-1>,,<-1>
gtmpcnut,12/21/2010 12:00,2,1,,0.014,0,0.048,0,0.024,<1> (CHB),0.0100,<-4> [SBL],,<-4> [SCB],0.0021,<-4> [SBL],,<-4> [SCB] (CHB),0.266,0,7.3,0,6.2,0,1.9,0,1.77,0,36.0,0,,<-1>,32,0,,<-1>,,<-1>,3.2,0,15.9,0,,<-1>,,<-1>,,<-1>,,<-1>
