Station Code,DateTimeStamp,Monitoring Program,Rep,F_Record,PO4F,F_PO4F,TP,F_TP,NH4F,F_NH4F,NO2F,F_NO2F,NO3F,F_NO3F,NO23F,F_NO23F,DIN,F_DIN,TN,F_TN,CHLA_N,F_CHLA_N,UncCHLa_N,F_UncCHLa_N,PHEA,F_PHEA,TSS,F_TSS,WTEM_N,F_WTEM_N,SALT_N,F_SALT_N,DO_N,F_DO_N,PH_N,F_PH_N,TURB_N,F_TURB_N,SECCHI,F_SECCHI,TKN,F_TKN,TON,F_TON,FECCOL,F_FECCOL
gtmfmnut,1/9/2013 12:01,1,1,,0.009,,0.022,,0.01,<1> [SBL],0.002,<1> [SBL],0.007,,0.006,,0.016,,0.476,,1.7,,1.9,,0.5,<1> [SBL],5,,17.5,,35.77,,6.93,,8,,,,,,0.47,,0.46,,8,<1> [SUL] (CHB)
gtmfmnut,1/9/2013 12:18,1,2,,0.009,,0.026,,0.01,<1> [SBL],0.002,<1> [SBL],0.007,,0.006,,0.016,,0.436,,1.7,,1.8,,0.55,<1> [SBL],12,<0> (CSM),17.4,,35.67,,7.05,,8.01,,,,,,0.43,,0.42,,2,<1> [SUL] (CHB)
gtmpcnut,1/9/2013 10:53,1,1,,0.02,,0.069,,0.016,<1> [SBL],0.002,<1> [SBL],0.033,,0.034,,0.05,,0.564,,4.5,,5.8,,2,,22,<0> (CSM),18.7,,28.6,,6.5,,7,,,,1,,0.53,,0.514,,180,<1> [SUL] (CHB)
gtmpcnut,1/9/2013 11:19,1,2,,0.022,,0.073,,0.01,<1> [SBL],0.002,<1> [SBL],0.008,,0.008,,0.018,,0.558,,4.6,,5.6,,1.4,,17,,18.9,,27.1,,6.37,,7,,,,,,0.55,,0.54,,190,<1> [SUL] (CHB)
gtmpcnut,1/8/2013 9:30,2,1,,0.014,<1> (CHB),0.038,,0.01,<1> [SBL],0.002,<1> [SBL] (CHB),0.005,<1> (CHB),0.005,,0.015,,0.435,,1,<1> (CHB),1.4,<1> (CHB),0.66,<1> (CHB),4,,,,,,,,,,,,,,0.43,,0.42,,,
gtmpcnut,1/8/2013 12:00,2,1,,0.026,,0.055,,0.012,,0.002,<1> [SBL],0.013,,0.013,,0.025,,0.533,,2.7,,3.4,,1,,5,,,,,,,,,,,,,,0.52,,0.508,,220,<1> (CHB)
gtmpcnut,1/8/2013 14:30,2,1,,0.032,,0.059,,0.01,<1> [SBL],0.002,<1> [SBL],0.01,,0.01,,0.02,,0.5,,3.5,,4.4,,1.2,,4,,,,,,,,,,,,,,0.49,,0.48,,230,<1> [SUL] (CHB)
gtmpcnut,1/8/2013 17:00,2,1,,0.028,,0.062,,0.01,<1> [SBL],0.002,,0.007,,0.01,,0.02,,0.54,,4.7,,5.6,,1.1,,4,,,,,,,,,,,,,,0.53,,0.52,,320,<1> (CHB)
gtmpcnut,1/8/2013 19:30,2,1,,0.025,,0.056,,0.01,<1> [SBL],0.002,<1> [SBL],0.007,,0.007,,0.017,,0.487,,2.6,,3.2,,0.79,,6,,,,,,,,,,,,,,0.48,,0.47,,370,<1> (CHB)
gtmpcnut,1/8/2013 22:00,2,1,,0.026,,0.052,,0.01,<1> [SBL],0.002,<1> [SBL],0.012,,0.012,,0.022,,0.532,,2.9,,3.6,,1.1,,5,,,,,,,,,,,,,,0.52,,0.51,,310,<1> (CHB)
gtmpcnut,1/9/2013 0:30,2,1,,0.029,,0.061,,0.011,,0.002,<1> [SBL],0.01,,0.01,,0.021,,0.47,,4.3,,4.9,,0.85,,4,,,,,,,,,,,,,,0.46,,0.449,,210,<1> (CHB)
gtmpcnut,1/9/2013 3:00,2,1,,0.031,,0.062,,0.016,,0.002,<1> [SBL],0.011,,0.011,,0.027,,0.551,,3.4,,4.2,,1.1,,6,,,,,,,,,,,,,,0.54,,0.524,,240,<1> (CHB)
gtmpcnut,1/9/2013 5:30,2,1,,0.032,,0.058,,0.012,,0.002,,0.008,,0.01,,0.022,,0.52,,2.8,,3.4,,0.92,,5,,,,,,,,,,,,,,0.51,,0.498,,200,<1> [SUL] (CHB)
gtmpcnut,1/9/2013 8:00,2,1,,0.024,,0.05,,0.01,<1> [SBL],0.002,<1> [SBL],0.007,,0.007,,0.017,,0.557,,2.3,,3,,1,,4,,,,,,,,,,,,,,0.55,,0.54,,310,<1> (CHB)
gtmpcnut,1/9/2013 10:30,2,1,,0.019,,0.039,,0.01,<1> [SBL],0.002,<1> [SBL],0.008,,0.007,,0.017,,0.507,,1.5,,1.9,,0.59,,6,,,,,,,,,,,,,,0.5,,0.49,,88,<1> (CHB)
gtmpinut,1/9/2013 9:15,1,1,,0.026,,0.049,,0.018,,0.002,<1> [SBL],0.015,,0.015,,0.033,,0.585,,3.5,,4.5,,1.3,,11,,16.4,,31.67,,6.31,,7.79,,,,,,0.57,,0.552,,8,<1> [SUL] (CHB)
gtmpinut,1/9/2013 9:23,1,2,,0.017,,0.05,,0.02,,0.002,<1> [SBL],0.015,,0.015,,0.035,,0.525,,3.8,,4.8,,1.5,,12,,16.4,,31.67,,6.31,,7.79,,,,,,0.51,,0.49,,21,<1> [SUL] (CHB)
gtmssnut,1/9/2013 10:50,1,1,,0.017,,0.045,,0.016,,0.002,<1> [SBL],0.02,,0.02,,0.036,,0.53,,3.4,,4.3,,1.2,,13,,17.1,,34.72,,7.45,,7.95,,,,,,0.51,,0.494,,30,<1> [SUL] (CHB)
gtmssnut,1/9/2013 11:03,1,2,,0.018,,0.04,,0.018,,0.002,<1> [SBL],0.02,,0.02,,0.038,,0.45,,3.4,,4.3,,1.2,,6,,17.2,,34.71,,7.48,,7.96,,,,,,0.43,,0.412,,31,<1> [SUL] (CHB)
gtmfmnut,2/7/2013 10:35,1,1,,0.011,,0.029,,0.015,,0.002,<1> [SBL],0.004,<1> [SBL],0.004,<1> [SBL],0.019,,0.314,,1.3,,1.3,,0.45,<1> [SBL],3,<1> [SBL],17.3,,36.86,,6.09,,7.94,,,,,,0.31,,0.295,,2,<1> [SBL] (CHB)
gtmfmnut,2/7/2013 10:47,1,2,,0.012,,0.029,,0.016,,0.002,<1> [SBL],0.005,,0.005,,0.021,,0.355,,1.1,,1.3,,0.45,<1> [SBL],3,,17.3,,36.86,,6.36,,7.94,,,,,,0.35,,0.334,,2,<1> [SBL] (CHB)
gtmpcnut,2/7/2013 10:23,1,1,,0.037,,0.073,,0.11,,0.002,,0.01,,0.012,,0.122,,1.912,,5.8,,6.7,,1.2,,21,<0> (CSM),18.5,,26.6,,7.92,,7,,,,,,1.9,,1.79,,34,<1> [SUL] (CHB)
gtmpcnut,2/7/2013 10:39,1,2,,0.029,,0.073,,0.033,,0.002,<1> [SBL],0.007,,0.009,,0.042,,1.109,,6.5,,7.4,,1.2,,14,,18.6,,25,,7.18,,7,,,,,,1.1,,1.067,,11,<1> [SUL] (CHB)
gtmpcnut,2/6/2013 9:30,2,1,,0.028,<1> (CHB),0.056,,0.01,<1> [SBL],0.002,<1> [SBL] (CHB),0.005,<1> (CHB),0.005,,0.015,,0.385,,3.9,,4.5,,0.75,,8,,,,,,,,,,,,,,0.38,,0.37,,5,<1> [SUL] (CHB)
gtmpcnut,2/6/2013 12:00,2,1,,0.03,,0.06,,0.01,<1> [SBL],0.002,<1> [SBL],0.007,,0.007,,0.017,,0.347,,7.1,,8.2,,1.3,,7,,,,,,,,,,,,,,0.34,,0.33,,7,<1> [SUL] (CHB)
gtmpcnut,2/6/2013 14:30,2,1,,0.033,,0.076,,0.01,<1> [SBL],0.002,<1> [SBL],0.006,,0.006,,0.016,,0.546,,6.2,,7,,0.9,,15,,,,,,,,,,,,,,0.54,,0.53,,13,<1> [SUL] (CHB)
gtmpcnut,2/6/2013 17:00,2,1,,0.032,,0.068,,0.01,<1> [SBL],0.002,<1> [SBL],0.008,,0.008,,0.018,,0.508,,9.4,,11,,1.7,,8,,,,,,,,,,,,,,0.5,,0.49,,38,<1> [SUL] (CHB)
gtmpcnut,2/6/2013 19:30,2,1,,0.027,,0.058,,0.01,<1> [SBL],0.002,<1> [SBL],0.005,,0.006,,0.016,,0.506,,7.8,,8.8,,1.3,,7,,,,,,,,,,,,,,0.5,,0.49,,2,<1> [SBL] (CHB)
gtmpcnut,2/6/2013 22:00,2,1,,0.03,,0.068,,0.01,<1> [SBL],0.002,<1> [SBL],0.006,,0.006,,0.016,,0.536,,6.5,,7.6,,1.3,,7,,,,,,,,,,,,,,0.53,,0.52,,8,<1> [SUL] (CHB)
gtmpcnut,2/7/2013 0:30,2,1,,0.03,,0.069,,0.01,<1> [SBL],0.002,<1> [SBL],0.006,,0.006,,0.016,,0.546,,9.3,,11,,1.5,,9,,,,,,,,,,,,,,0.54,,0.53,,12,<1> [SUL] (CHB)
gtmpcnut,2/7/2013 3:00,2,1,,0.03,,0.076,,0.01,<1> [SBL],0.002,<1> [SBL],0.007,,0.007,,0.017,,0.547,,7.2,,8.6,,1.8,,10,,,,,,,,,,,,,,0.54,,0.53,,16,<1> [SUL] (CHB)
gtmpcnut,2/7/2013 5:30,2,1,,0.03,,0.071,,0.01,<1> [SBL],0.002,<1> [SBL],0.007,,0.007,,0.017,,0.477,,9,,10,,1.4,,8,,,,,,,,,,,,,,0.47,,0.46,,26,<1> [SUL] (CHB)
gtmpcnut,2/7/2013 8:00,2,1,,0.029,,0.062,,0.01,<1> [SBL],0.002,<1> [SBL],0.005,,0.005,,0.015,,0.525,,4,,4.9,,1.3,,14,,,,,,,,,,,,,,0.52,,0.51,,7,<1> [SUL] (CHB)
gtmpcnut,2/7/2013 10:30,2,1,,0.026,,0.054,,0.01,<1> [SBL],0.002,<1> [SBL],0.004,,0.004,,0.014,,0.704,,4.9,,5.8,,1.2,,13,,,,,,,,,,,,,,0.7,,0.69,,10,<1> [SUL] (CHB)
gtmpinut,2/7/2013 8:01,1,1,,0.016,,0.039,,0.01,,0.002,<1> [SBL],0.004,<1> [SBL],0.004,<1> [SBL],0.014,,0.354,,2.9,,3.2,,0.5,<1> [SBL],7,,16,,34.98,,6.75,,7.75,,,,,,0.35,,0.34,,2,<1> [SUL] (CHB)
gtmpinut,2/7/2013 8:12,1,2,,0.016,,0.04,,0.01,<1> [SBL],0.002,<1> [SBL],0.024,,0.024,,0.034,,0.634,,2.6,,3,,0.5,,5,,16,,34.98,,6.69,,7.76,,,,,,0.61,,0.6,,2,<1> [SBL] (CHB)
gtmssnut,2/7/2013 9:30,1,1,,0.015,,0.037,,0.018,<1> (CSM),0.002,<1> [SBL],0.008,,0.008,,0.026,,0.638,,2.1,,2.5,,0.61,,8,,16.5,,36.33,,6.57,,7.91,,,,,,0.63,,0.612,,5,<1> [SUL] (CHB)
gtmssnut,2/7/2013 9:40,1,2,,0.016,,0.043,,0.022,,0.002,<1> [SBL],0.016,,0.016,,0.038,,0.446,,2.6,,3.3,,0.96,,8,,16.6,,36.56,,6.17,,7.91,,,,,,0.43,,0.408,,7,<1> [SUL] (CHB)
gtmfmnut,3/7/2013 10:41,1,1,,0.011,,0.029,,0.01,<1> [SBL],0.002,<1> [SBL],0.004,<1> [SBL],0.004,,0.014,,0.384,,1.5,,1.6,,0.5,<1> [SBL],4,,14,,36.91,,8.09,,8.07,,,,,,0.38,,0.37,,2,<1> [SBL] (CHB)
gtmfmnut,3/7/2013 10:49,1,2,,0.012,,0.029,,0.01,<1> [SBL],0.002,<1> [SBL],0.012,,0.012,,0.022,,0.332,,1.6,,1.6,,0.6,<1> [SBL],7,,14,,36.91,,8.09,,8.07,,,,,,0.32,,0.31,,2,<1> [SBL] (CHB)
gtmpcnut,3/7/2013 10:07,1,1,,0.04,,0.082,,0.01,<1> [SBL],0.002,<1> [SBL],0.048,,0.049,,0.059,,0.709,,3.5,,3.9,,1.1,<1> [SBL],16,,12.96,,28.76,,7.43,,8.22,,,,,,0.66,,0.65,,3,<1> [SUL] (CHB)
gtmpcnut,3/7/2013 10:30,1,2,,0.035,,0.072,,0.01,<1> [SBL],0.002,<1> [SBL],0.007,,0.007,,0.017,,0.537,,3.5,,4.2,,1.1,,13,,13.03,,28.16,,7.47,,8.21,,,,,,0.53,,0.52,,3,<1> [SUL] (CHB)
gtmpcnut,3/6/2013 9:15,2,1,,0.033,<1> (CHB),0.057,,0.016,,0.002,<1> [SBL] (CHB),0.007,<1> (CHB),0.008,,0.024,,0.418,,1.9,<1> (CHB),2.8,<1> (CHB),1.3,<1> (CHB),6,,,,,,,,,,,,,,0.41,,0.394,,8,<1> [SUL] (CHB)
gtmpcnut,3/6/2013 11:45,2,1,,0.037,,0.069,,0.056,,0.002,<1> [SBL] (CHB),0.01,<1> (CHB),0.01,,0.066,,0.5,,2.4,,3.7,,1.9,,7,,,,,,,,,,,,,,0.49,,0.434,,3,<1> [SUL] (CHB)
gtmpcnut,3/6/2013 14:15,2,1,,0.037,,0.077,,0.05,,0.002,<1> [SBL],0.007,,0.008,,0.058,,0.518,,2.3,,3.6,,2.1,,16,,,,,,,,,,,,,,0.51,,0.46,,2,<1> [SBL] (CHB)
gtmpcnut,3/6/2013 16:45,2,1,,0.038,,0.066,,0.01,<1> [SBL],0.002,<1> [SBL],0.007,,0.008,,0.018,,0.368,,5.1,,6.7,,2.5,,8,,,,,,,,,,,,,,0.36,,0.35,,10,<1> [SUL] (CHB)
gtmpcnut,3/6/2013 19:15,2,1,,0.035,,0.082,,0.01,<1> [SBL],0.002,<1> [SBL],0.006,,0.006,,0.016,,0.546,,3.7,,5.1,,2.1,,27,,,,,,,,,,,,,,0.54,,0.53,,2,<1> [SUL] (CHB)
gtmpcnut,3/6/2013 21:45,2,1,,0.04,,0.095,,0.03,,0.002,<1> [SBL],0.005,,0.006,,0.036,,0.686,,2.7,,4.2,,2.2,,34,,,,,,,,,,,,,,0.68,,0.65,,3,<1> [SUL] (CHB)
gtmpcnut,3/7/2013 0:15,2,1,,0.048,,0.1,,0.091,,0.002,<1> [SBL],0.008,,0.009,,0.1,,0.689,,2.4,,3.8,,2.2,,24,,,,,,,,,,,,,,0.68,,0.589,,3,<1> [SUL] (CHB)
gtmpcnut,3/7/2013 2:45,2,1,,0.047,,0.1,,0.1,,0.002,<1> [SBL],0.007,,0.008,,0.108,,0.728,,1.4,,2.3,,1.4,,24,,,,,,,,,,,,,,0.72,,0.62,,2,<1> [SBL] (CHB)
gtmpcnut,3/7/2013 5:15,2,1,,0.032,,0.086,,0.01,<1> [SBL],0.002,<1> [SBL],0.006,,0.006,,0.016,,0.636,,3.6,,5.2,,2.4,,24,,,,,,,,,,,,,,0.63,,0.62,,2,<1> [SUL] (CHB)
gtmpcnut,3/7/2013 7:45,2,1,,0.028,,0.073,,0.01,<1> [SBL],0.002,<1> [SBL],0.014,,0.014,,0.024,,0.604,,2.5,,3.5,,1.5,,18,,,,,,,,,,,,,,0.59,,0.58,,5,<1> [SUL] (CHB)
gtmpcnut,3/7/2013 10:15,2,1,,0.03,,0.061,,0.01,<1> [SBL],0.002,<1> [SBL],0.004,<1> [SBL],0.004,<1> [SBL],0.014,,0.494,,1.9,,2.6,,1.1,,11,,,,,,,,,,,,,,0.49,,0.48,,8,<1> [SUL] (CHB)
gtmpinut,3/7/2013 7:56,1,1,,0.02,,0.054,,0.01,<1> [SBL],0.002,<1> [SBL],0.004,<1> [SBL],0.004,<1> [SBL],0.014,,0.444,,3,,3.6,,0.86,,11,<0> (CSM),13.9,,33.67,,8.9,,7.8,,,,,,0.44,,0.43,,5,<1> [SUL] (CHB)
gtmpinut,3/7/2013 8:15,1,2,,0.019,,0.046,,0.01,<1> [SBL],0.002,<1> [SBL],0.004,<1> [SBL],0.004,<1> [SBL],0.014,,0.464,,3.3,,3.8,,0.73,,6,,13.9,,33.66,,8.83,,7.8,,,,,,0.46,,0.45,,2,<1> [SBL] (CHB)
gtmssnut,3/7/2013 9:43,1,1,,0.017,,0.038,,0.01,<1> [SBL],0.002,<1> [SBL],0.017,,0.018,,0.028,,0.338,,2,,2.2,,0.5,<1> [SBL],7,,14.7,,36.5,,8.24,,8.05,,,,,,0.32,,0.31,,16,<1> [SUL] (CHB)
gtmssnut,3/7/2013 9:50,1,2,,0.022,,0.044,,0.01,<1> [SBL],0.002,<1> [SBL],0.024,,0.026,,0.036,,0.396,,2,,2.3,,0.5,<1> [SBL],8,,14.7,,36.48,,8.2,,8.04,,,,,,0.37,,0.36,,13,<1> [SUL] (CHB)
gtmfmnut,4/23/2013 10:32,1,1,,0.043,,0.12,,0.074,,0.003,,0.017,,0.02,,0.094,,0.49,,2.9,,3.5,,0.76,,14,,19.9,,34.3,,5.59,,7.71,,,,,,0.47,,0.396,,3,<1> [SUL] (CHB)
gtmfmnut,4/23/2013 10:40,1,2,,0.032,,0.056,,0.073,,0.003,,0.017,,0.02,,0.093,,0.4,,3,,3.6,,0.89,,13,,19.9,,34.29,,5.82,,7.73,,,,,,0.38,,0.307,,6,<1> [SUL] (CHB)
gtmpcnut,4/23/2013 10:08,1,1,,0.024,,0.079,,0.028,,0.002,<1> [SBL],0.04,,0.042,,0.07,,0.642,,8.5,,10,,2,,21,,20.04,,28.7,,6.5,,7.76,,,,,,0.6,,0.572,,60,<1> (CHB)
gtmpcnut,4/23/2013 10:22,1,2,,0.022,,0.067,,0.026,,0.002,<1> [SBL],0.011,,0.013,,0.039,,0.513,,7.7,,8.6,,1.2,,16,,20.06,,27.74,,6.5,,7.75,,,,,,0.5,,0.474,,39,<1> [SUL] (CHB)
gtmpcnut,4/22/2013 8:30,2,1,,0.02,<1> (CHB),0.078,,0.038,,0.002,<1> [SBL] (CHB),0.011,<1> (CHB),0.012,,0.05,,0.562,,6.6,<1> (CHB),8.7,<1> (CHB),3.2,<1> (CHB),38,,,,,,,,,,,,,,0.55,,0.512,,36,<1> [SUL] (CHB)
gtmpcnut,4/22/2013 11:00,2,1,,0.018,,0.071,,0.036,,0.002,<1> [SBL],0.019,,0.02,,0.056,,0.52,,8,,9.3,,1.8,<1> [SBL],30,,,,,,,,,,,,,,0.5,,0.464,,41,<1> [SUL] (CHB)
gtmpcnut,4/22/2013 13:30,2,1,,0.027,,0.079,,0.028,,0.002,<1> [SBL],0.016,,0.017,,0.045,,0.787,,12,,14,,3.1,,22,,,,,,,,,,,,,,0.77,,0.742,,90,<1> (CHB)
gtmpcnut,4/22/2013 16:00,2,1,,0.032,,0.09,,0.032,,0.003,,0.012,,0.014,,0.046,,1.614,,14,,16,,3,,14,,,,,,,,,,,,,,1.6,,1.568,,78,<1> (CHB)
gtmpcnut,4/22/2013 18:30,2,1,,0.024,,0.11,,0.021,,0.002,<1> [SBL],0.012,,0.013,,0.034,,0.883,,9.4,,11,,2.7,,104,,,,,,,,,,,,,,0.87,,0.849,,98,<1> (CHB)
gtmpcnut,4/22/2013 21:00,2,1,,0.02,,0.08,,0.021,,0.002,<1> [SBL],0.02,,0.021,,0.042,,0.851,,6.4,,8.7,,3.5,,118,,,,,,,,,,,,,,0.83,,0.809,,31,<1> [SUL] (CHB)
gtmpcnut,4/22/2013 11:30,2,1,,0.02,,0.057,,0.025,,0.002,<1> [SBL],0.011,,0.012,,0.037,,0.502,,5.5,,6.7,,1.7,,24,,,,,,,,,,,,,,0.49,,0.465,,18,<1> [SUL] (CHB)
gtmpcnut,4/23/2013 2:00,2,1,,0.025,,0.095,,0.023,,0.002,<1> [SBL],0.01,,0.012,,0.035,,0.612,,7.2,,9.5,,3.4,,30,,,,,,,,,,,,,,0.6,,0.577,,52,<1> (CHB)
gtmpcnut,4/23/2013 4:30,2,1,,0.035,,0.084,,0.034,,0.002,<1> [SBL],0.012,,0.014,,0.048,,0.634,,8.6,,10,,2.1,,14,,,,,,,,,,,,,,0.62,,0.586,,96,<1> (CHB)
gtmpcnut,4/23/2013 7:00,2,1,,0.028,,0.099,,0.034,,0.002,<1> [SBL],0.011,,0.012,,0.046,,0.632,,8.1,,10,,3.3,,88,,,,,,,,,,,,,,0.62,,0.586,,56,<1> (CHB)
gtmpcnut,4/23/2013 9:30,2,1,,0.021,,0.069,,0.019,,0.002,<1> [SBL],0.009,,0.011,,0.03,,0.481,,8.6,,10,,2,,24,,,,,,,,,,,,,,0.47,,0.451,,40,<1> (CHB)
gtmpinut,4/23/2013 8:16,1,1,,0.031,,0.095,,0.062,,0.002,,0.008,,0.011,,0.073,,0.521,,3.5,<0> (CSM),4.9,<0> (CSM),2,<0> (CSM),20,,19.8,,32.8,,5.8,,7.51,,,,,,0.51,<1> (CSM),0.448,,4,<1> [SUL] (CHB)
gtmpinut,4/23/2013 8:24,1,2,,0.034,,0.1,,0.061,,0.002,<1> [SBL],0.01,,0.011,,0.072,,0.401,,3.3,,4.2,,1.3,,12,<0> (CSM),19.8,,32.88,,5.74,,7.53,,,,,,0.39,,0.329,,10,<1> [SUL] (CHB)
gtmssnut,4/23/2013 9:30,1,1,,0.025,,0.075,,0.032,,0.002,<1> [SBL],0.013,,0.014,,0.046,,0.444,,3.3,,3.9,,0.79,,14,,19,,33.8,,6.53,,7.83,,,,,,0.43,,0.398,,16,<1> [SUL] (CHB)
gtmssnut,4/23/2013 9:35,1,2,,0.025,,0.07,,0.035,,0.002,<1> [SBL],0.015,,0.016,,0.051,,0.366,,2.7,,3.3,,0.82,,12,,19.1,,33.84,,6.3,,7.8,,,,,,0.35,,0.315,,21,<1> [SUL] (CHB)
gtmfmnut,5/21/2013 9:18,1,1,,0.018,,0.056,,0.045,,0.01,<1> [SBL],0.02,<1> [SBL],0.009,<1> [SCC],0.054,,0.439,,3.8,,5.1,,1.8,,19,,24.9,,32.04,,4.23,,7.79,,,,,,0.43,,0.385,,2,<1> [SUL] (CHB)
gtmfmnut,5/21/2013 9:23,1,2,,0.016,,0.05,,0.039,,0.01,<1> [SBL],0.02,<1> [SBL],0.009,<1> [SCC],0.048,,0.489,,4.2,<0> (CSM),5.3,<0> (CSM),1.5,<0> (CSM),15,,24.9,,32,,4.75,,7.79,,,,,,0.48,,0.441,,2,<1> [SUL] (CHB)
gtmpcnut,5/21/2013 9:45,1,1,,0.087,,0.15,,0.17,,0.02,,0.02,<1> [SBL],0.031,,0.201,,1.731,,3.3,,5,,2.5,,15,<0> (CSM),27.1,,2.47,,3.6,,7.07,,,,0.2,,1.7,,1.53,,94,<1> (CHB)
gtmpcnut,5/21/2013 9:50,1,2,,0.085,,0.15,,0.16,,0.019,,0.02,<1> [SBL],0.026,,0.186,,1.626,,4.1,,5.6,,2.3,,17,,27.1,,2.47,,3.6,,7.07,,,,,,1.6,,1.44,,66,<1> (CHB)
gtmpcnut,5/20/2013 8:30,2,1,,0.07,<1> (CHB),0.12,,0.2,,0.022,<1> (CHB),0.02,<1> [SBL] (CHB),0.032,,0.232,,1.332,,3.8,<1> (CHB),5.6,<1> (CHB),2.8,<1> (CHB),13,,,,,,,,,,,,,,1.3,,1.1,,,
gtmpcnut,5/20/2013 13:30,2,1,,0.076,,0.14,,0.15,,0.019,,0.02,<1> [SBL],0.024,,0.174,,1.524,,2.5,,4,,2.3,,16,,,,,,,,,,,,,,1.5,,1.35,,110,<1> (CHB)
gtmpcnut,5/20/2013 16:00,2,1,,0.079,,0.15,,0.058,,0.018,,0.02,<1> [SBL],0.021,,0.079,,1.521,,4.7,,6.1,,2.1,,16,,,,,,,,,,,,,,1.5,,1.442,,70,<1> (CHB)
gtmpcnut,5/20/2013 18:30,2,1,,0.069,,0.16,,0.15,,0.022,,0.02,<1> [SBL],0.027,,0.177,,1.627,,7,,10,,4.8,,40,,,,,,,,,,,,,,1.6,,1.45,,81,<1> (CHB)
gtmpcnut,5/20/2013 21:00,2,1,,0.068,,0.15,,0.18,,0.028,,0.02,<1> [SBL],0.03,,0.21,,1.63,,5.4,,8,,4,,38,,,,,,,,,,,,,,1.6,,1.42,,60,<1> (CHB)
gtmpcnut,5/20/2013 11:30,2,1,,0.074,,0.14,,0.13,,0.019,,0.02,<1> [SBL],0.025,,0.155,,1.325,,3.6,,5.3,,2.6,,22,,,,,,,,,,,,,,1.3,,1.17,,86,<1> (CHB)
gtmpcnut,5/21/2013 2:00,2,1,,0.08,,0.13,,0.13,,0.02,,0.02,<1> [SBL],0.023,,0.153,,1.323,,2.8,,4.1,,2.1,,13,,,,,,,,,,,,,,1.3,,1.17,,110,<1> (CHB)
gtmpcnut,5/21/2013 4:30,2,1,,0.08,,0.15,,0.11,,0.019,,0.02,,0.024,,0.134,,1.424,,3,,4.2,,1.8,,15,,,,,,,,,,,,,,1.4,,1.29,,90,<1> (CHB)
gtmpcnut,5/21/2013 7:00,2,1,,0.073,,0.14,,0.2,,0.02,,0.02,<1> [SBL],0.032,,0.232,,1.432,,5.7,,8.2,,3.9,,34,,,,,,,,,,,,,,1.4,,1.2,,90,<1> (CHB)
gtmpcnut,5/21/2013 9:30,2,1,,0.071,,0.14,,0.19,,0.018,,0.02,<1> [SBL],0.03,,0.22,,1.23,,4.6,,6.5,,3,,32,,,,,,,,,,,,,,1.2,,1.01,,64,<1> (CHB)
gtmpinut,5/21/2013 6:48,1,1,,0.037,,0.058,,0.15,,0.01,<1> [SBL],0.02,<1> [SBL],0.024,,0.174,,0.754,,3.4,,5.2,,2.6,,32,,26.3,,16.55,,4.08,,7.32,,,,,,0.73,,0.58,,8,<1> [SUL] (CHB)
gtmpinut,5/21/2013 6:58,1,2,,0.041,,0.088,,0.15,,0.01,<1> [SBL],0.025,,0.032,,0.182,,0.982,,3.2,,4.7,,2.2,,18,,26.3,,16.89,,7.31,,7.35,,,,,,0.95,,0.8,,7,<1> [SUL] (CHB)
gtmssnut,5/21/2013 8:10,1,1,,0.037,,0.092,,0.12,,0.01,<1> [SBL],0.036,,0.042,,0.162,,0.672,,4.2,,5.9,,2.6,,32,,25.4,,29.87,,4.13,,7.68,,,,,,0.63,,0.51,,23,<1> [SUL] (CHB)
gtmssnut,5/21/2013 8:22,1,2,,0.041,,0.094,,0.13,,0.01,<1> [SBL],0.039,,0.044,,0.174,,0.764,,3.9,,5.4,,2.3,,28,,25.8,,27.72,,4.09,,7.63,,,,,,0.72,,0.59,,37,<1> [SUL] (CHB)
gtmfmnut,6/4/2013 9:20,1,1,,0.019,,0.055,,0.041,,0.002,<1> [SBL],0.005,,0.007,,0.048,,0.347,,4.2,,4.9,,0.83,,10,,27.1,,34.13,,3.8,,7.73,,,,,,0.34,,0.299,,2,<1> [SBL] (CHB)
gtmfmnut,6/4/2013 9:29,1,2,,0.02,,0.052,,0.039,,0.002,,0.005,,0.008,,0.047,,0.398,,4.6,,5.2,,0.9,<1> [SBL],13,,27.2,,34.13,,4.05,,7.83,,,,,,0.39,,0.351,,4,<1> [SUL] (CHB)
gtmpcnut,6/4/2013 9:43,1,1,,0.085,,0.15,,0.071,,0.01,<1> [SBL],0.069,<1> (CSM),0.077,,0.148,,1.277,,9.5,,12,,2.8,,10,,27.9,,1.76,,4.62,,7.06,,,,0.25,,1.2,,1.129,,260,<1> (CHB)
gtmpcnut,6/4/2013 9:48,1,2,,0.083,,0.14,,0.054,,0.01,<1> [SBL],0.027,,0.035,,0.089,,1.535,,9.9,<0> (CSM),12,<0> (CSM),2.8,<0> (CSM),10,,27.9,,1.76,,4.62,,7.06,,,,,,1.5,,1.446,,350,<1> (CHB)
gtmpcnut,6/3/2013 8:30,2,1,,0.044,<1> (CHB),0.1,,0.074,,0.006,<1> (CHB),0.02,<1> (CHB),0.026,,0.1,,1.026,,6.4,<1> (CHB),8.4,<1> (CHB),3.1,<1> (CHB),27,,,,,,,,,,,,,,1,,0.926,,10,<1> [SUL] (CHB)
gtmpcnut,6/3/2013 11:00,2,1,,0.056,,0.12,,0.099,,0.008,<1> (CHB),0.022,<1> (CHB),0.03,,0.129,,0.95,,5,,6.9,,2.8,,18,,,,,,,,,,,,,,0.92,,0.821,,10,<1> [SUL] (CHB)
gtmpcnut,6/3/2013 13:30,2,1,,0.053,,0.11,,0.11,,0.012,,0.02,,0.032,,0.142,,1.032,,5,,7.3,,3.5,,18,,,,,,,,,,,,,,1,,0.89,,7,<1> [SUL] (CHB)
gtmpcnut,6/3/2013 16:00,2,1,,0.059,,0.11,,0.16,,0.008,<1> (CSM),0.025,<1> (CSM),0.033,,0.193,,1.133,,4.6,,6.9,,3.7,,24,,,,,,,,,,,,,,1.1,,0.94,,13,<1> [SUL] (CHB)
gtmpcnut,6/3/2013 18:30,2,1,,0.05,,0.13,,0.1,,0.009,,0.02,,0.028,,0.128,,1.128,,6.4,,9.1,,4.1,,28,,,,,,,,,,,,,,1.1,,1,,2,<1> [SUL] (CHB)
gtmpcnut,6/3/2013 21:00,2,1,,0.043,,0.13,,0.056,,0.008,,0.019,,0.026,,0.082,,1.026,,9.7,,14,,5.9,,43,,,,,,,,,,,,,,1,,0.944,,2,<1> [SUL] (CHB)
gtmpcnut,6/3/2013 11:30,2,1,,0.056,,0.11,,0.092,,0.008,,0.021,,0.03,,0.122,,1.03,,5.4,,7.6,,3.3,,17,,,,,,,,,,,,,,1,,0.908,,39,<1> [SUL] (CHB)
gtmpcnut,6/4/2013 2:00,2,1,,0.059,,0.11,,0.087,,0.008,,0.018,,0.026,,0.113,,1.026,,4.4,,7,,4.1,,10,,,,,,,,,,,,,,1,,0.913,,110,<1> (CHB)
gtmpcnut,6/4/2013 4:30,2,1,,0.074,,0.13,,0.046,,0.012,,0.02,<1> [SBL],0.025,,0.071,,1.125,,3.4,,5.4,,3.3,,5,,,,,,,,,,,,,,1.1,,1.054,,250,<1> (CHB)
gtmpcnut,6/4/2013 7:00,2,1,,0.063,,0.13,,0.078,,0.008,,0.015,,0.023,,0.101,,1.023,,4.8,,7.8,,4.7,,19,,,,,,,,,,,,,,1,,0.922,,130,<1> [SUL] (CHB)
gtmpcnut,6/4/2013 9:30,2,1,,0.065,,0.12,,0.13,<1> (CSM),0.005,,0.031,<1> (CSM),0.036,<1> (CSM),0.166,,1.036,,5.3,,7.8,,3.8,,16,,,,,,,,,,,,,,1,,0.87,,220,<1> (CHB)
gtmpinut,6/4/2013 7:03,1,1,,,<-2> (CSM),0.06,,0.039,,,<-2> (CSM),,<-2> (CSM),0.007,,0.046,,0.527,,3.7,,4.6,,1.3,,10,<0> (CSM),28,,29.15,,3.71,,7.5,,,,,,0.52,,0.481,,5,<1> [SUL] (CHB)
gtmpinut,6/4/2013 7:17,1,2,,,<-2> (CSM),0.06,,0.038,,,<-2> (CSM),,<-2> (CSM),0.007,,0.045,,0.447,,3.3,,4.1,,1.2,,8,,28.1,,29.12,,3.45,,7.53,,,,,,0.44,,0.402,,7,<1> [SUL] (CHB)
gtmssnut,6/4/2013 8:08,1,1,,,<-2> (CSM),0.07,,0.06,,,<-2> (CSM),,<-2> (CSM),0.02,,0.08,,0.62,,4.6,,5.7,,1.6,,20,,27.2,,33.5,,3.73,,7.74,,,,,,0.6,,0.54,,36,<1> [SUL] (CHB)
gtmssnut,6/4/2013 8:28,1,2,,0.027,,0.073,,0.063,,0.005,,0.015,,0.019,,0.082,,0.519,,5.1,,6.3,,1.7,,25,,27.5,,33.4,,3.8,,7.73,,,,,,0.5,,0.437,,73,<1> [SUL] (CHB)
gtmfmnut,7/18/2013 8:30,1,1,,0.018,,0.061,,0.045,,0.002,,0.007,,0.009,,0.054,,0.429,,5.7,,6.6,,1.1,,29,,28.4,,33.98,,4.38,,7.87,,,,,,0.42,,0.375,,4,<1> [SUL] (CHB)
gtmfmnut,7/18/2013 8:44,1,2,,0.017,,0.058,,0.037,,0.002,<1> [SBL],0.009,,0.011,,0.048,,0.411,,5.9,<0> (CSM),7.1,<0> (CSM),1.7,,20,,28.4,,33.99,,4.42,,7.87,,,,,,0.4,,0.363,,5,<1> [SUL] (CHB)
gtmpcnut,7/18/2013 9:45,1,1,,0.053,,0.087,,0.043,,0.018,<1> [SCC] (CSM),0.016,<1> [SBL],0.016,<1> [SCC],0.059,,1.616,,1.2,<1> [SBL],1.2,,0.9,<1> [SBL],6,,27.7,,0.18,,4.32,,6.33,,,,,,1.6,,1.557,,94,<1> (CHB)
gtmpcnut,7/18/2013 9:50,1,2,,0.061,,0.1,,0.036,,0.026,<1> [SCC] (CSM),0.012,<1> [SBL],0.012,<1> [SCC],0.048,,1.512,,,<-2> (CSM),,<-2> (CSM),,<-2> (CSM),7,,27.7,,0.18,,4.32,,6.33,,,,,,1.5,,1.464,,120,<1> (CHB)
gtmpcnut,7/17/2013 8:30,2,1,,0.044,<1> (CHB),0.077,,0.017,,0.016,<1> [SCC] (CSM),0.004,<1> [SBL] (CHB),0.004,<1> [SBL],0.021,,1.504,,0.76,<1> [SBL] (CHB),1,<1> (CHB),0.56,<0> (CSM),6,,,,,,,,,,,,,,1.5,,1.483,,,
gtmpcnut,7/17/2013 11:00,2,1,,0.04,<1> (CHB),0.073,,0.008,,0.015,<1> [SCC] (CSM),0.004,<1> [SBL] (CHB),0.004,<1> [SBL],0.012,,1.404,,1.4,<1> [SBL] (CHB),0.98,<1> [SBL] (CHB),0.98,<1> [SBL] (CHB),5,,,,,,,,,,,,,,1.4,,1.392,,,
gtmpcnut,7/17/2013 13:30,2,1,,0.04,,0.072,,0.015,,0.024,<1> [SCC] (CSM),0.004,<1> [SBL] (CHB),0.004,<1> [SBL],0.019,,1.304,,0.77,<1> [SBL] (CHB),0.74,<1> (CHB),0.56,<1> [SBL] (CHB),,<-2> (CSM),,,,,,,,,,,,,1.3,,1.285,,82,<1> (CHB)
gtmpcnut,7/17/2013 16:00,2,1,,0.049,,0.093,,0.014,,0.016,<1> [SCC] (CSM),0.008,<1> [SBL],0.008,<1> [SCC],0.022,,1.408,,1.3,,1.7,,0.67,<1> [SBL],,<-2> (CSM),,,,,,,,,,,,,1.4,,1.386,,70,<1> (CHB)
gtmpcnut,7/17/2013 18:30,2,1,,0.052,,0.12,,0.028,,0.016,<1> [SBL],0.022,<1> (CSM),0.022,,0.05,,1.622,,,<-2> (CSM),,<-2> (CSM),,<-2> (CSM),20,,,,,,,,,,,,,,1.6,,1.572,,50,<1> (CHB)
gtmpcnut,7/17/2013 21:00,2,1,,0.048,,0.11,,0.008,,0.02,<1> [SBL],0.011,<1> [SBL],0.011,<1> [SCC],0.019,,1.511,,1.2,<1> [SBL],1.9,,1.2,,16,,,,,,,,,,,,,,1.5,,1.492,,120,<1> [SUL] (CHB)
gtmpcnut,7/17/2013 11:30,2,1,,0.048,,0.088,,0.017,,0.017,<1> [SCC] (CSM),0.004,<1> (CSM),0.004,<1> [SBL],0.021,,2.304,,1.1,<1> [SBL],1.1,,0.82,<1> [SBL],6,,,,,,,,,,,,,,2.3,,2.283,,150,<1> [SUL] (CHB)
gtmpcnut,7/18/2013 2:00,2,1,,0.046,,0.081,,0.019,,0.017,<1> [SCC] (CSM),0.004,<1> (CSM),0.004,<1> [SBL],0.023,,1.404,,1,<1> [SBL],0.77,,0.75,<1> [SBL],6,,,,,,,,,,,,,,1.4,,1.381,,130,<1> [SUL] (CHB)
gtmpcnut,7/18/2013 4:30,2,1,,0.054,,0.091,,0.031,,0.017,<1> [SCC] (CSM),0.006,<1> (CSM),0.006,<1> [SCC],0.037,,1.406,,,<-2> (CSM),,<-2> (CSM),,<-2> (CSM),6,,,,,,,,,,,,,,1.4,,1.369,,120,<1> [SUL] (CHB)
gtmpcnut,7/18/2013 7:00,2,1,,0.055,,0.1,,0.037,,0.018,<1> [SCC] (CSM),0.017,<1> [SBL],0.017,<1> [SCC],0.054,,1.517,,1.3,,1.8,,0.75,<1> [SBL],8,,,,,,,,,,,,,,1.5,,1.463,,150,<1> [SUL] (CHB)
gtmpcnut,7/18/2013 9:30,2,1,,0.053,,0.091,,0.031,,0.017,<1> [SCC] (CSM),0.006,<1> [SBL],0.006,<1> [SCC],0.037,,1.506,,1.2,,1.4,,0.75,<1> [SBL],7,,,,,,,,,,,,,,1.5,,1.469,,94,<1> (CHB)
gtmpinut,7/18/2013 5:50,1,1,,0.026,,0.08,,0.02,,0.002,<1> [SBL],0.004,<1> [SBL],0.004,,0.024,,0.744,,8.7,,11,,3.2,,22,,26.9,,28.83,,4.8,,7.3,,,,,,0.74,,0.72,,2,<1> [SBL] (CHB)
gtmpinut,7/18/2013 6:03,1,2,,0.029,,0.069,,0.025,,0.002,,0.004,<1> [SBL],0.005,,0.03,,0.635,,6.5,,8,,2.2,,14,,29.9,,28.56,,4.63,,7.55,,,,,,0.63,,0.605,,3,<1> [SUL] (CHB)
gtmssnut,7/18/2013 7:15,1,1,,0.019,,0.08,,0.02,,0.002,,0.004,,0.005,,0.025,,0.505,,9.8,,12,,2.8,,28,,28.5,,32.78,,4.02,,7.81,,,,,,0.5,,0.48,,42,<1> (CHB)
gtmssnut,7/18/2013 7:26,1,2,,0.019,,0.079,,0.02,,0.002,<1> [SBL],0.004,,0.005,,0.025,,0.455,,9.4,,11,,2.7,,28,,28.6,,32.52,,3.57,,7.82,,,,,,0.45,,0.43,,60,<1> (CHB)
gtmfmnut,8/19/2013 9:30,1,1,,0.022,,0.059,,0.051,,0.002,,0.008,,0.01,,0.061,,0.39,,2.9,,3.6,,0.99,,14,,,,,,,,,,,,,,0.38,,0.329,,8,<1> [SUL] (CHB)
gtmfmnut,8/19/2013 9:39,1,2,,0.022,,0.056,,0.05,,0.002,,0.009,,0.011,,0.061,,0.421,,3.3,,4.1,,1.1,,13,<0> (CSM),,,,,,,,,,,,,0.41,,0.36,,3,<1> [SUL] (CHB)
gtmpcnut,8/19/2013 9:45,1,1,,0.048,,0.082,,0.36,,0.006,,0.012,,0.018,,0.378,,1.118,,2.3,,2.6,,1.3,<1> [SBL],10,<0> (CSM),27.8,,1.36,,4.8,,6.89,,,,,,1.1,,0.74,,120,<1> (CHB)
gtmpcnut,8/19/2013 9:55,1,2,,0.043,,0.083,,0.035,,0.003,<1> [SBL],0.008,,0.01,,0.045,,1.11,,1.6,,2.1,,0.74,,9,,27.8,,1.36,,4.8,,6.89,,,,,,1.1,,1.065,,110,<1> (CHB)
gtmpcnut,8/18/2013 8:45,2,1,,0.034,<1> (CHB),0.086,,0.018,,0.003,<1> (CHB),0.017,<1> (CHB),0.021,,0.039,,1.121,,1.4,<1> (CHB),2.4,<1> (CHB),1.5,<1> (CHB),16,,,,,,,,,,,,,,1.1,,1.082,,,
gtmpcnut,8/18/2013 11:15,2,1,,0.029,,0.081,,0.009,,0.003,<1> [SBL] (CHB),0.004,<1> [SBL] (CHB),0.004,<1> [SBL],0.013,,1.204,,2,,2.7,,1,,10,,,,,,,,,,,,,,1.2,,1.191,,270,<1> (CHB)
gtmpcnut,8/18/2013 13:45,2,1,,0.024,,0.078,,0.007,,0.003,<1> [SBL],0.004,<1> [SBL],0.004,<1> [SBL],0.011,,1.104,,1.4,,2,,0.95,,14,,,,,,,,,,,,,,1.1,,1.093,,280,<1> (CHB)
gtmpcnut,8/18/2013 16:15,2,1,,0.024,,0.069,,0.008,,0.003,<1> [SBL],0.004,<1> [SBL],0.004,,0.012,,1.204,,1.4,,2,,0.8,,10,,,,,,,,,,,,,,1.2,,1.192,,250,<1> (CHB)
gtmpcnut,8/18/2013 18:45,2,1,,0.03,,0.074,,0.011,,0.003,<1> [SBL],0.004,<1> [SBL],0.005,,0.016,,1.205,,2.9,,3.8,,1.3,,9,,,,,,,,,,,,,,1.2,,1.189,,220,<1> (CHB)
gtmpcnut,8/18/2013 21:15,2,1,,0.033,,0.089,,0.027,,0.003,<1> [SBL],0.005,,0.008,,0.035,,1.108,,2.9,,4,,1.7,,20,,,,,,,,,,,,,,1.1,,1.073,,260,<1> (CHB)
gtmpcnut,8/18/2013 11:45,2,1,,0.032,,0.085,,0.018,,0.003,<1> [SBL],0.006,,0.007,,0.025,,1.107,,1.7,,2.7,,1.6,,14,,,,,,,,,,,,,,1.1,,1.082,,64,<1> (CHB)
gtmpcnut,8/19/2013 2:15,2,1,,0.031,,0.067,,0.02,,0.003,<1> [SBL],0.004,<1> [SBL],0.004,<1> [SBL],0.024,,1.104,,1.1,,1.6,,0.88,,7,,,,,,,,,,,,,,1.1,,1.08,,140,<1> [SUL] (CHB)
gtmpcnut,8/19/2013 4:45,2,1,,0.028,,0.062,,0.015,,0.003,<1> [SBL],0.005,,0.006,,0.021,,1.206,,1.2,,1.7,,0.66,,2,,,,,,,,,,,,,,1.2,,1.185,,120,<1> (CHB)
gtmpcnut,8/19/2013 7:15,2,1,,0.032,,0.068,,0.022,,0.003,<1> [SBL],0.013,,0.014,,0.036,,1.014,,1.8,,2.1,,0.8,<1> [SBL],5,,,,,,,,,,,,,,1,,0.978,,72,<1> (CHB)
gtmpcnut,8/19/2013 9:45,2,1,,0.036,,0.08,,0.051,,0.003,<1> [SBL],0.016,,0.019,,0.07,,1.119,,2,,2.6,,0.8,<1> [SBL],10,,,,,,,,,,,,,,1.1,,1.049,,88,<1> (CHB)
gtmpinut,8/19/2013 7:10,1,1,,0.029,,0.07,,0.051,,0.006,,0.008,,0.014,,0.065,,0.654,,3.9,,4.8,,1.3,,14,,29.3,,32.74,,3.49,,7.5,,,,,,0.64,,0.589,,2,<1> [SUL] (CHB)
gtmpinut,8/19/2013 7:23,1,2,,0.03,,0.068,,0.05,,0.006,,0.007,,0.014,,0.064,,0.644,,4,,5.3,,1.9,,13,,29.3,,32.02,,3.36,,7.53,,,,,,0.63,,0.58,,2,<1> [SBL] (CHB)
gtmssnut,8/19/2013 8:30,1,1,,0.019,,0.056,,0.037,,0.002,<1> [SBL],0.012,,0.013,,0.05,,0.413,,3.4,,4,,0.81,,14,,28.1,,34.73,,4.55,,7.85,,,,,,0.4,,0.363,,7,<1> [SUL] (CHB)
gtmssnut,8/19/2013 8:38,1,2,,0.019,,0.052,,0.037,,0.002,<1> [SBL],0.009,,0.01,,0.047,,0.34,,3,,3.5,,0.64,,16,,27.9,,35.24,,4.95,,7.91,,,,,,0.33,,0.293,,13,<1> [SUL] (CHB)
gtmfmnut,9/16/2013 10:56,1,1,,0.021,,0.054,,0.037,,0.015,,0.015,,0.017,,0.054,,0.467,,3.4,,4,,0.95,,15,<0> (CSM),29.1,,34.96,,5.4,,7.76,,,,,,0.45,,0.413,,2,<1> [SUL] (CHB)
gtmfmnut,9/16/2013 11:05,1,2,,0.023,,0.052,,0.034,,0.002,,0.007,,0.009,,0.043,,0.379,,2.9,,3.4,,0.64,,13,<0> (CSM),29.1,,34.96,,5.4,,7.76,,,,,,0.37,,0.336,,11,<1> [SUL] (CHB)
gtmpcnut,9/16/2013 9:29,1,1,,0.062,,0.11,,0.044,,0.007,,0.011,,0.018,,0.062,,0.898,,5.8,,7.7,,2.7,,20,,29.5,,21.49,,3.79,,7.37,,,,,,0.88,,0.836,,31,<1> [SUL] (CHB)
gtmpcnut,9/16/2013 9:52,1,2,,0.04,,0.094,,0.038,,0.008,,0.012,,0.2,,0.238,,1.02,,0.55,<1> [SBL],5.9,,9.3,,17,,29.5,,19.62,,3.96,,7.3,,,,,,0.82,,0.782,,40,<1> (CHB)
gtmpcnut,9/15/2013 8:30,2,1,,0.035,<1> (CHB),0.12,,0.024,,0.007,<1> (CHB),0.011,<1> (CHB),0.018,,0.042,,1.118,,5.9,<1> (CHB),8.2,<1> (CHB),3.8,<1> (CHB),61,,,,,,,,,,,,,,1.1,,1.076,,,
gtmpcnut,9/15/2013 11:00,2,1,,0.04,<1> (CHB),0.1,,0.059,,0.01,<1> (CHB),0.025,<1> (CHB),0.034,,0.093,,1.134,,3.6,,5.5,,2.8,,25,,,,,,,,,,,,,,1.1,,1.041,,23,<1> [SUL] (CHB)
gtmpcnut,9/15/2013 13:30,2,1,,0.046,,0.1,,0.1,,0.011,,0.04,,0.051,,0.151,,1.151,,3.4,,5,,2.4,,26,,,,,,,,,,,,,,1.1,,1,,36,<1> [SUL] (CHB)
gtmpcnut,9/15/2013 16:00,2,1,,0.036,,0.093,,0.046,,0.013,,0.015,,0.027,,0.073,,1.127,,4,,4.9,,1.3,,23,,,,,,,,,,,,,,1.1,,1.054,,56,<1> (CHB)
gtmpcnut,9/15/2013 18:30,2,1,,0.032,,0.11,,0.006,,0.008,,0.007,,0.015,,0.021,,0.995,,10,,13,,4.5,,58,,,,,,,,,,,,,,0.98,,0.974,,28,<1> [SUL] (CHB)
gtmpcnut,9/15/2013 21:00,2,1,,0.034,,0.084,,0.005,,0.003,,0.004,<1> [SBL],0.004,,0.009,,0.644,,7,,9.2,,3.4,,16,,,,,,,,,,,,,,0.64,,0.635,,5,<1> [SUL] (CHB)
gtmpcnut,9/15/2013 11:30,2,1,,0.032,,0.093,,0.019,,0.01,,0.013,,0.024,,0.043,,0.904,,6,,7.9,,2.8,,20,,,,,,,,,,,,,,0.88,,0.861,,70,<1> (CHB)
gtmpcnut,9/16/2013 2:00,2,1,,0.036,,0.077,,0.04,,0.013,,0.014,,0.027,,0.067,,1.027,,3.7,,4.6,,1.3,,8,,,,,,,,,,,,,,1,,0.96,,96,<1> (CHB)
gtmpcnut,9/16/2013 4:30,2,1,,0.038,,0.08,,0.045,,0.012,,0.017,,0.026,,0.071,,0.856,,4.1,,5.4,,1.9,,11,,,,,,,,,,,,,,0.83,,0.785,,78,<1> (CHB)
gtmpcnut,9/16/2013 7:00,2,1,,0.037,,0.096,,0.035,,0.007,,0.01,,0.017,,0.052,,0.847,,5.5,,7.4,,2.9,,27,,,,,,,,,,,,,,0.83,,0.795,,62,<1> (CHB)
gtmpcnut,9/16/2013 9:30,2,1,,0.038,,0.089,,0.033,,0.006,,0.01,,0.017,,0.05,,0.707,,5.5,,7.5,,3,,20,,,,,,,,,,,,,,0.69,,0.657,,,
gtmpinut,9/16/2013 8:40,1,1,,0.038,,0.078,,0.033,,0.047,<1> [SCC],0.032,<1> [SBL],0.031,<1> [SCC],0.064,,0.631,,2.8,,4.2,,2.1,,25,,29.3,,29.49,,4.32,,7.73,,,,,,0.6,,0.567,,3,<1> [SUL] (CHB)
gtmpinut,9/16/2013 9:05,1,2,,0.038,,0.08,,0.04,,0.053,<1> [SCC],0.044,<1> [SBL],0.031,<1> [SCC],0.071,,0.731,,2.8,,4.2,,2.1,,18,,29.3,,29.49,,4.32,,7.43,,,,,,0.7,,0.66,,56,<1> (CHB)
gtmssnut,9/16/2013 9:57,1,1,,0.031,,0.074,,0.053,,0.006,,0.017,,0.023,,0.076,,0.493,,3.6,,4.9,,2,,20,,29.3,,34.15,,4.71,,7.7,,,,,,0.47,,0.417,,38,<1> [SUL] (CHB)
gtmssnut,9/16/2013 10:10,1,2,,0.035,,0.079,,0.06,,0.006,,0.022,,0.027,,0.087,,0.517,,3.9,,5.3,,2,,29,,29.3,,34.15,,4.71,,7.7,,,,,,0.49,,0.43,,18,<1> [SUL] (CHB)
gtmfmnut,10/2/2013 11:30,1,1,,0.018,,0.042,,0.014,,0.005,,0.004,<1> [SBL],0.009,,0.023,,0.399,,4.8,,5.3,,0.59,,8,,25.5,,32.65,,6.02,,7.81,,,,,,0.39,,0.376,,15,<1> [SUL] (CHB)
gtmfmnut,10/2/2013 11:45,1,2,,0.021,,0.043,,0.013,,0.005,,0.004,<1> [SBL],0.009,,0.022,,0.469,,4.8,,5.2,,0.5,,8,,25.5,,32.65,,6.02,,7.81,,,,,,0.46,,0.447,,3,<1> [SUL] (CHB)
gtmpcnut,10/2/2013 9:15,1,1,,0.044,,0.086,,0.034,,0.006,,0.026,,0.031,,0.065,,0.781,,4.9,,6.2,,1.8,,8,,25.7,,20.8,,4.9,,7.4,,,,,,0.75,,0.716,,28,<1> [SUL] (CHB)
gtmpcnut,10/2/2013 9:30,1,2,,0.034,,0.067,,0.029,,0.006,,0.013,,0.019,,0.048,,0.829,,4.7,,5.9,,1.7,,10,<0> (CSM),25.6,,19.4,,5,,7.4,,,,,,0.81,,0.781,,26,<1> [SUL] (CHB)
gtmpcnut,10/1/2013 8:30,2,1,,0.032,<1> (CHB),0.066,,0.028,,0.007,<1> (CHB),0.015,<1> (CHB),0.022,,0.05,,0.702,,3.5,<1> (CHB),4.5,<1> (CHB),1.6,<1> (CHB),8,,,,,,,,,,,,,,0.68,,0.652,,,
gtmpcnut,10/1/2013 11:00,2,1,,0.033,<1> (CHB),0.073,,0.024,,0.008,<1> (CHB),0.009,<1> (CHB),0.017,,0.041,,0.857,,2.9,<1> (CHB),3.8,<1> (CHB),1.3,<1> (CHB),15,,,,,,,,,,,,,,0.84,,0.816,,,
gtmpcnut,10/1/2013 13:30,2,1,,0.034,,0.075,,0.016,,0.003,<1> [SBL],0.012,,0.012,,0.028,,1.012,,2,,2.6,,0.88,,4,,,,,,,,,,,,,,1,,0.984,,120,<1> (CHB)
gtmpcnut,10/1/2013 16:00,2,1,,0.034,,0.072,,0.008,,0.003,<1> [SBL],0.011,,0.011,,0.019,,0.991,,1.5,,1.9,,0.61,,6,,,,,,,,,,,,,,0.98,,0.972,,,
gtmpcnut,10/1/2013 18:30,2,1,,0.004,<-4> [SBL],0.078,,0.017,,0.008,<1> (CSM),0.008,<1> (CSM),0.016,,0.033,,0.986,,3.2,,3.7,,0.66,,10,,,,,,,,,,,,,,0.97,,0.953,,58,<1> (CHB)
gtmpcnut,10/1/2013 21:00,2,1,,0.029,,0.062,,0.01,,0.007,,0.01,,0.017,,0.027,,0.747,,4.4,,5.3,,1.3,,5,,,,,,,,,,,,,,0.73,,0.72,,33,<1> [SUL] (CHB)
gtmpcnut,10/1/2013 11:30,2,1,,0.034,,0.064,,0.016,,0.008,,0.005,,0.014,,0.03,,0.854,,3.6,,4.7,,1.5,,9,,,,,,,,,,,,,,0.84,,0.824,,66,<1> (CHB)
gtmpcnut,10/2/2013 2:00,2,1,,0.04,,0.073,,0.019,,0.003,<1> [SBL],0.013,,0.013,,0.032,,0.943,,1.9,<0> (CSM),2.6,<0> (CSM),1.1,,8,,,,,,,,,,,,,,0.93,,0.911,,9,<1> [SBL] (CHB)
gtmpcnut,10/2/2013 4:30,2,1,,0.037,,0.07,,0.017,,0.003,<1> [SBL],0.007,,0.007,,0.024,,0.947,,1.5,,2,,0.69,,4,,,,,,,,,,,,,,0.94,,0.923,,65,<1> (CHB)
gtmpcnut,10/2/2013 7:00,2,1,,0.036,,0.069,,0.028,,0.009,,0.009,,0.017,,0.045,,0.997,,3.8,,4.7,,1.2,,8,,,,,,,,,,,,,,0.98,,0.952,,66,<1> (CHB)
gtmpcnut,10/2/2013 9:30,2,1,,0.028,,0.062,,0.025,,0.003,<0> [SBL],0.01,,0.01,,0.035,,0.75,,4.6,,5.5,,1.3,,8,,,,,,,,,,,,,,0.74,,0.715,,13,<1> [SUL] (CHB)
gtmpinut,10/2/2013 9:15,1,1,,0.038,,0.068,,0.067,,0.044,,0.004,<1> [SBL],0.044,,0.111,,0.744,,2.3,,2.8,,0.84,,7,,25.1,,25.6,,4.7,,7.37,,,,,,0.7,,0.633,,3,<1> [SUL] (CHB)
gtmpinut,10/2/2013 9:28,1,2,,0.038,,0.068,,0.066,,0.046,<1> [SCC],0.029,<1> [SBL],0.032,<1> [SCC],0.098,,0.612,,2.1,,2.8,,1.1,,9,,25.1,,25.6,,4.7,,7.37,,,,,,0.58,,0.514,,2,<1> [SUL] (CHB)
gtmssnut,10/2/2013 10:30,1,1,,0.031,,0.067,,0.048,,0.012,,0.029,,0.041,,0.089,,0.501,,4.5,,5.7,,1.6,,13,,25.7,,31.24,,5.43,,7.71,,,,,,0.46,,0.412,,2,<1> [SBL] (CHB)
gtmssnut,10/2/2013 10:45,1,2,,0.03,,0.069,,0.044,,0.01,,0.029,,0.039,,0.083,,0.439,,4.7,,6,,1.8,,15,,25.7,,31.24,,5.43,,7.71,,,,,,0.4,,0.356,,11,<1> [SUL] (CHB)
gtmfmnut,11/14/2013 11:15,1,1,,0.023,,0.042,,0.024,,0.002,,0.005,,0.007,,0.031,,0.317,,2.4,,2.8,,0.54,,8,,16.9,,33.25,,7.6,,7.84,,,,,,0.31,,0.286,,7,<1> [SUL] (CHB)
gtmfmnut,11/14/2013 11:25,1,2,,0.02,,0.041,,0.025,,0.002,<1> [SBL],0.006,,0.008,,0.033,,0.408,,2.4,,2.9,,0.65,,9,,19.9,,33.25,,7.6,,7.84,,,,,,0.4,,0.375,,10,<1> [SUL] (CHB)
gtmpcnut,11/14/2013 9:48,1,1,,0.027,,0.059,,0.008,,0.002,<1> [SBL],0.004,,0.006,,0.014,,0.556,,4.7,<0> (CSM),5.7,<0> (CSM),1.3,<0> (CSM),11,,16.1,,26.1,,7.79,,8,,,,,,0.55,,0.542,,62,<1> (CHB)
gtmpcnut,11/14/2013 10:23,1,2,,0.027,,0.056,,0.005,,0.002,<1> [SBL],0.004,<1> [SBL],0.004,,0.009,,0.504,,5.2,,6,,1,,8,,16.3,,25.2,,8.52,,7.5,,,,,,0.5,,0.495,,68,<1> (CHB)
gtmpcnut,11/13/2013 9:30,2,1,,0.017,<1> (CHB),0.12,,0.024,,0.002,<1> [SBL] (CHB),0.01,<1> (CHB),0.012,,0.036,,0.762,,4.8,<1> (CHB),6.7,<1> (CHB),3,<1> (CHB),7,,,,,,,,,,,,,,0.75,,0.726,,,
gtmpcnut,11/13/2013 12:00,2,1,,0.019,,0.072,,0.014,,0.003,,0.004,<1> [SBL],0.004,,0.018,,0.544,,5.7,,7.7,,2.9,,24,,,,,,,,,,,,,,0.54,,0.526,,26,<1> [SUL] (CHB)
gtmpcnut,11/13/2013 14:30,2,1,,0.028,,0.076,,0.016,,0.003,,0.005,,0.009,,0.025,,0.679,,4.8,,6.2,,2,,15,,,,,,,,,,,,,,0.67,,0.654,,120,<1> (CHB)
gtmpcnut,11/13/2013 17:00,2,1,,0.028,,0.065,,0.013,,0.003,,0.006,,0.008,,0.021,,0.618,,4,,4.5,,0.8,<1> [SBL],14,,,,,,,,,,,,,,0.61,,0.597,,40,<1> (CHB)
gtmpcnut,11/13/2013 19:30,2,1,,0.2,,0.034,,0.005,,0.002,<1> [SBL],0.004,<1> [SBL],0.004,<1> [SBL],0.009,,0.484,,6.1,,7.8,,2.7,,26,,,,,,,,,,,,,,0.48,,0.475,,46,<1> (CHB)
gtmpcnut,11/13/2013 22:00,2,1,,0.019,,0.054,,0.007,,0.002,<1> [SBL],0.004,<1> [SBL],0.004,<1> [SBL],0.011,,0.384,,5.3,,6.7,,2,,14,,,,,,,,,,,,,,0.38,,0.373,,38,<1> [SUL] (CHB)
gtmpcnut,11/14/2013 0:30,2,1,,0.03,,0.065,,0.011,,0.002,<1> [SBL],0.004,<1> [SBL],0.004,,0.015,,0.544,,3.7,,4.8,,1.6,,13,,,,,,,,,,,,,,0.54,,0.529,,40,<1> (CHB)
gtmpcnut,11/14/2013 3:00,2,1,,0.037,,0.075,,0.019,,0.003,,0.004,,0.007,,0.026,,0.677,,2.3,,3,,0.92,,4,,,,,,,,,,,,,,0.67,,0.651,,,
gtmpcnut,11/14/2013 5:30,2,1,,0.034,,0.062,,0.018,,0.003,,0.004,<1> [SBL],0.006,,0.024,,0.566,,2.7,,3.6,,1.2,,8,,,,,,,,,,,,,,0.56,,0.542,,,
gtmpcnut,11/14/2013 8:00,2,1,,0.03,,0.066,,0.012,,0.002,<1> [SBL],0.004,<1> [SBL],0.004,<1> [SBL],0.016,,0.474,,4.4,,5.8,,2.1,,18,,,,,,,,,,,,,,0.47,,0.458,,100,<1> [SBL] (CHB)
gtmpcnut,11/14/2013 10:30,2,1,,0.022,,0.055,,0.007,,0.002,<1> [SBL],0.004,<1> [SBL],0.004,,0.011,,0.454,,4.3,,5.3,,1.4,,12,,,,,,,,,,,,,,0.45,,0.443,,45,<1> [SUL] (CHB)
gtmpinut,11/14/2013 9:15,1,1,,0.026,,0.048,,0.029,,0.002,,0.011,,0.013,,0.042,,0.453,,2.7,,3.3,,0.83,,10,,15.5,,29.05,,9.09,,7.62,,,,,,0.44,,0.411,,7,<1> [SUL] (CHB)
gtmpinut,11/14/2013 9:25,1,2,,0.026,,0.051,,0.029,,0.003,,0.004,,0.007,,0.036,,0.467,,3.1,,3.9,,1.1,,8,,15.5,,29.05,,9.09,,7.62,,,,,,0.46,,0.431,,7,<1> [SUL] (CHB)
gtmssnut,11/14/2013 10:15,1,1,,0.018,,0.047,,0.017,,0.002,<1> [SBL],0.006,,0.007,,0.024,,0.297,,3.1,,3.7,,0.93,,14,,17.6,,32.81,,7.44,,7.88,,,,,,0.29,,0.273,,13,<1> [SUL] (CHB)
gtmssnut,11/14/2013 10:30,1,2,,0.018,,0.046,,0.014,,0.002,<1> [SBL],0.008,,0.01,,0.024,,0.29,,3.4,,4.1,,1,,11,,17.6,,32.81,,7.44,,7.88,,,,,,0.28,,0.266,,15,<1> [SUL] (CHB)
gtmfmnut,12/2/2013 12:30,1,1,,0.016,,0.039,,0.023,,0.003,,0.01,,0.013,,0.036,,0.413,,2.3,,2.7,,0.61,,8,,17.1,,33.19,,8.41,,7.94,,,,,,0.4,,0.377,,8,<1> [SUL] (CHB)
gtmfmnut,12/2/2013 12:35,1,2,,0.018,,0.035,,0.023,,0.002,,0.015,,0.017,,0.04,,0.427,,3.9,,5.1,,1.8,,19,,17.1,,33.19,,8.41,,7.94,,,,,,0.41,,0.387,,3,<1> [SUL] (CHB)
gtmpcnut,12/2/2013 10:00,1,1,,0.058,,0.089,,0.012,,0.002,<1> [SBL],0.008,,0.009,,0.021,,0.419,,3.9,,4.8,,1.2,,6,,17.2,,26.3,,28.75,<1> (CSM),7,,,,,,0.41,,0.398,,44,<1> (CHB)
gtmpcnut,12/2/2013 10:14,1,2,,0.029,,0.058,,0.008,,0.002,,0.005,,0.007,,0.015,,0.367,,4,,4.8,,1.1,,5,,17.2,,27.2,,37.89,<1> (CSM),7,,,,,,0.36,,0.352,,25,<1> [SUL] (CHB)
gtmpcnut,12/1/2013 9:30,2,1,,0.027,<1> (CHB),0.051,,0.015,,0.003,<1> (CHB),0.009,<1> (CHB),0.011,,0.026,,0.371,,2.1,<1> (CHB),3.3,<1> (CHB),1.8,<1> (CHB),8,,,,,,,,,,,,,,0.36,,0.345,,,
gtmpcnut,12/1/2013 12:00,2,1,,0.026,,0.05,,0.012,,0.002,<1> [SBL],0.005,,0.007,,0.019,,0.297,,2.5,<1> (CHB),3.3,<1> (CHB),1.1,<1> (CHB),9,,,,,,,,,,,,,,0.29,,0.278,,,
gtmpcnut,12/1/2013 14:30,2,1,,0.034,,0.064,,0.021,,0.002,,0.012,,0.015,,0.036,,0.495,,3.1,,4.2,,1.6,,9,,,,,,,,,,,,,,0.48,,0.459,,84,<1> (CHB)
gtmpcnut,12/1/2013 17:00,2,1,,0.041,,0.061,,0.022,,0.003,,0.011,,0.014,,0.036,,0.554,,1.7,,2.3,,0.94,,6,,,,,,,,,,,,,,0.54,,0.518,,100,<1> (CHB)
gtmpcnut,12/2/2013 19:30,2,1,,0.036,,0.057,,0.025,,0.002,,0.008,,0.01,,0.035,,0.51,,2.1,,2.8,,0.97,,6,,,,,,,,,,,,,,0.5,,0.475,,64,<1> (CHB)
gtmpcnut,12/2/2013 22:00,2,1,,0.03,,0.053,,0.013,,0.002,<1> [SBL],0.004,<1> [SBL],0.004,<1> [SBL],0.017,,0.424,,2.2,,2.9,,1,,9,,,,,,,,,,,,,,0.42,,0.407,,50,<1> (CHB)
gtmpcnut,12/2/2013 0:30,2,1,,0.032,,0.051,,0.015,,0.002,<1> [SBL],0.005,,0.007,,0.022,,0.387,,2.7,,3.7,,1.6,,8,,,,,,,,,,,,,,0.38,,0.365,,54,<1> (CHB)
gtmpcnut,12/2/2013 3:00,2,1,,0.038,,0.065,,0.03,,0.002,,0.012,,0.014,,0.044,,0.484,,1.7,,2.2,,0.73,,4,,,,,,,,,,,,,,0.47,,0.44,,64,<1> (CHB)
gtmpcnut,12/2/2013 5:30,2,1,,0.042,,0.062,,0.039,,0.003,,0.014,,0.017,,0.056,,0.497,,1.4,,1.7,,0.52,,8,,,,,,,,,,,,,,0.48,,0.441,,76,<1> (CHB)
gtmpcnut,12/2/2013 8:00,2,1,,0.034,,0.064,,0.023,,0.002,<1> [SBL],0.008,,0.01,,0.033,,0.44,,2.1,,3.2,,1.7,,14,,,,,,,,,,,,,,0.43,,0.407,,74,<1> (CHB)
gtmpcnut,12/2/2013 10:30,2,1,,0.024,,0.045,,0.01,,0.002,<1> [SBL],0.004,,0.006,,0.016,,0.316,,3.2,,4,,1.1,,8,,,,,,,,,,,,,,0.31,,0.3,,42,<1> (CHB)
gtmpinut,12/2/2013 10:40,1,1,,0.024,,0.055,,0.031,,0.004,,0.017,,0.021,,0.052,,0.601,,3.9,,5.1,,1.7,,14,,16.3,,29.77,,7.95,,7.77,,,,,,0.58,,0.549,,74,<1> (CHB)
gtmpinut,12/2/2013 10:46,1,2,,0.024,,0.057,,0.029,,0.004,,0.015,,0.019,,0.048,,0.649,,3.1,,4.1,,1.5,,14,,16.3,,29.77,,7.95,,7.77,,,,,,0.63,,0.601,,8,<1> [SUL] (CHB)
gtmssnut,12/2/2013 11:40,1,1,,0.02,,0.06,,0.023,,0.003,,0.019,,0.021,,0.044,,0.501,,3,,4,,1.5,,22,,16.7,,32.91,,7.35,,7.93,,,,,,0.48,,0.457,,26,<1> [SUL] (CHB)
gtmssnut,12/2/2013 11:41,1,2,,0.021,,0.052,,0.023,,0.003,,0.021,,0.024,,0.047,,0.364,,2.2,,2.6,,0.67,,24,<0> (CSM),16.7,,32.91,,7.35,,7.93,,,,,,0.34,,0.317,,11,<1> [SUL] (CHB)
